Trait	Label	First_Author	Reference	N0	N1	N	Population	nSNP	mscomp	overall_p	FDR.overall	sig.overall	in.selection
20002_1111_PanUKBB_PanUKBBR2_1	Asthma	PanUKBB	PanUKBBR2	389965	51263	441228	Trans-ethnic (AFR,CSA,EUR)	566	PC13 (5e-272)	0	0	Yes	No
20002_1112_PanUKBB_PanUKBBR2_1	Chronic Obstructive Airways Disease/Copd	PanUKBB	PanUKBBR2	418967	1506	420473	European (EUR)	566	PC13 (1e-05)	0.00154836283099984	0.00280236010477538	Yes	No
20002_1113_PanUKBB_PanUKBBR2_1	Emphysema/Chronic Bronchitis	PanUKBB	PanUKBBR2	423411	5911	429322	Trans-ethnic (CSA,EUR)	566	PC13 (9e-05)	5.8872144829169e-05	0.000116763087244519	Yes	Yes
20002_1154_PanUKBB_PanUKBBR2_1	Irritable Bowel Syndrome	PanUKBB	PanUKBBR2	425748	10198	435946	Trans-ethnic (AFR,CSA,EUR)	566	PC5 (1e-01)	0.531290020398931	0.609383252312991	No	No
20002_1157_PanUKBB_PanUKBBR2_1	Non-Infective Hepatitis	PanUKBB	PanUKBBR2	420040	433	420473	European (EUR)	566	PC3 (1e-01)	0.978396973848411	0.982525231122033	No	No
20002_1222_PanUKBB_PanUKBBR2_1	Type 1 Diabetes	PanUKBB	PanUKBBR2	420110	363	420473	European (EUR)	566	PC3 (5e-05)	3.18757672821323e-08	7.86158820015284e-08	Yes	No
20002_1225_PanUKBB_PanUKBBR2_1	Hyperthyroidism/Thyrotoxicosis	PanUKBB	PanUKBBR2	432615	3331	435946	Trans-ethnic (AFR,CSA,EUR)	566	PC1 (3e-21)	1.22304131991929e-50	6.84903139154802e-50	Yes	Yes
20002_1226_PanUKBB_PanUKBBR2_1	Hypothyroidism/Myxoedema	PanUKBB	PanUKBBR2	414705	21241	435946	Trans-ethnic (CSA,EUR)	566	PC1 (2e-145)	0	0	Yes	No
20002_1234_PanUKBB_PanUKBBR2_1	Adrenocortical Insufficiency/Addison'S Disease	PanUKBB	PanUKBBR2	420310	163	420473	European (EUR)	566	PC3 (2e-03)	0.000212792463728426	0.000406783986886469	Yes	No
20002_1256_PanUKBB_PanUKBBR2_1	Acute Infective Polyneuritis/Guillain-Barre Syndrome	PanUKBB	PanUKBBR2	420299	174	420473	European (EUR)	566	PC4 (5e-02)	0.741907898315197	0.797174175164862	No	No
20002_1261_PanUKBB_PanUKBBR2_1	Multiple Sclerosis	PanUKBB	PanUKBBR2	418938	1535	420473	European (EUR)	566	PC12 (2e-11)	3.16619431144659e-33	1.29923145883498e-32	Yes	No
20002_1313_PanUKBB_PanUKBBR2_1	Ankylosing Spondylitis	PanUKBB	PanUKBBR2	419276	1185	420461	European (EUR)	566	PC1 (2e-02)	0.0464567898916557	0.0702013713918353	No	No
20002_1322_PanUKBB_PanUKBBR2_1	Myositis/Myopathy (UKBB)	PanUKBB	PanUKBBR2	420321	152	420473	European (EUR)	566	PC8 (6e-02)	0.296611306285545	0.364824242356381	No	No
20002_1372_PanUKBB_PanUKBBR2_1	Vasculitis	PanUKBB	PanUKBBR2	420305	168	420473	European (EUR)	566	PC9 (1e-02)	0.0349305817108292	0.0541594687112531	No	No
20002_1374_PanUKBB_PanUKBBR2_1	Allergy/Hypersensitivity/Anaphylaxis	PanUKBB	PanUKBBR2	417480	2993	420473	European (EUR)	566	PC13 (8e-05)	2.43932463687321e-05	5.00482123772262e-05	Yes	No
20002_1377_PanUKBB_PanUKBBR2_1	Polymyalgia Rheumatica	PanUKBB	PanUKBBR2	419588	885	420473	European (EUR)	566	PC8 (7e-03)	0.0748617396909978	0.107009573852597	No	No
20002_1381_PanUKBB_PanUKBBR2_1	Systemic Lupus Erythematosis/Sle	PanUKBB	PanUKBBR2	420002	471	420473	European (EUR)	566	PC2 (2e-12)	2.23191778071571e-13	6.47800526597974e-13	Yes	No
20002_1382_PanUKBB_PanUKBBR2_1	Sjogren'S Syndrome/Sicca Syndrome	PanUKBB	PanUKBBR2	420089	384	420473	European (EUR)	566	PC1 (5e-03)	0.00313059209807278	0.00553963508803957	Yes	No
20002_1384_PanUKBB_PanUKBBR2_1	Scleroderma/Systemic Sclerosis	PanUKBB	PanUKBBR2	420346	127	420473	European (EUR)	566	PC2 (6e-03)	0.0166163904586798	0.0272737995114882	No	No
20002_1385_PanUKBB_PanUKBBR2_1	Allergy Or Anaphylactic Reaction To Food	PanUKBB	PanUKBBR2	418598	1875	420473	European (EUR)	566	PC13 (8e-04)	0.0109942866923532	0.0184921571221206	No	No
20002_1386_PanUKBB_PanUKBBR2_1	Allergy Or Anaphylactic Reaction To Drug	PanUKBB	PanUKBBR2	416766	3707	420473	European (EUR)	566	PC1 (3e-02)	0.267066732456558	0.333658174932603	No	No
20002_1387_PanUKBB_PanUKBBR2_1	Hayfever/Allergic Rhinitis	PanUKBB	PanUKBBR2	416137	25091	441228	Trans-ethnic (AFR,AMR,CSA,EAS,EUR,MID)	566	PC13 (2e-67)	1.10242451339839e-91	8.32942965678784e-91	Yes	Yes
20002_1417_PanUKBB_PanUKBBR2_1	Nasal Polyps	PanUKBB	PanUKBBR2	418630	1843	420473	European (EUR)	566	PC13 (5e-18)	6.65904031185859e-20	2.21657565625503e-19	Yes	No
20002_1428_PanUKBB_PanUKBBR2_1	Thyroiditis	PanUKBB	PanUKBBR2	420272	201	420473	European (EUR)	566	PC8 (8e-03)	0.0491838442958546	0.0736211002667509	No	No
20002_1435_PanUKBB_PanUKBBR2_1	Optic Neuritis	PanUKBB	PanUKBBR2	420342	131	420473	European (EUR)	566	PC4 (3e-02)	0.210378840699243	0.270649535602269	No	No
20002_1437_PanUKBB_PanUKBBR2_1	Myasthenia Gravis	PanUKBB	PanUKBBR2	420357	116	420473	European (EUR)	566	PC1 (2e-02)	0.656699511611252	0.721914474658097	No	No
20002_1448_PanUKBB_PanUKBBR2_1	neutropenia/lymphopenia	PanUKBB	PanUKBBR2	420362	111	420473	European (EUR)	566	PC11 (1e-01)	0.739027023151301	0.795875255701401	No	No
20002_1452_PanUKBB_PanUKBBR2_1	Eczema/Dermatitis	PanUKBB	PanUKBBR2	427501	11152	438653	Trans-ethnic (AFR,CSA,EAS,EUR)	566	PC13 (1e-12)	7.02063634589113e-17	2.24283416150616e-16	Yes	No
20002_1453_PanUKBB_PanUKBBR2_1	Psoriasis	PanUKBB	PanUKBBR2	424412	4898	429310	Trans-ethnic (CSA,EUR)	566	PC5 (8e-05)	1.23026906311779e-06	2.74933368095807e-06	Yes	No
20002_1454_PanUKBB_PanUKBBR2_1	Blistering/Desquamating Skin Disorder	PanUKBB	PanUKBBR2	419809	664	420473	European (EUR)	566	PC12 (1e-02)	0.413013433193643	0.487656120871862	No	No
20002_1456_PanUKBB_PanUKBBR2_1	Malabsorption/Coeliac Disease	PanUKBB	PanUKBBR2	418634	1827	420461	European (EUR)	566	PC7 (1e-16)	4.3982741097586e-43	2.13630456759703e-42	Yes	No
20002_1458_PanUKBB_PanUKBBR2_1	Diverticular Disease/Diverticulitis	PanUKBB	PanUKBBR2	415692	4781	420473	European (EUR)	566	PC1 (2e-02)	0.184733411188085	0.240912612946653	No	No
20002_1459_PanUKBB_PanUKBBR2_1	Colitis/Not Crohns Or Ulcerative Colitis	PanUKBB	PanUKBBR2	419384	1089	420473	European (EUR)	566	PC1 (4e-13)	2.41054554282591e-31	9.64218217130364e-31	Yes	No
20002_1461_PanUKBB_PanUKBBR2_1	Inflammatory Bowel Disease	PanUKBB	PanUKBBR2	420314	159	420473	European (EUR)	566	PC6 (1e-02)	0.245801125056074	0.310348370097324	No	No
20002_1462_PanUKBB_PanUKBBR2_1	Crohns Disease	PanUKBB	PanUKBBR2	419198	1275	420473	European (EUR)	566	PC1 (2e-37)	3.15959703468305e-83	2.31379721309097e-82	Yes	No
20002_1463_PanUKBB_PanUKBBR2_1	Ulcerative Colitis	PanUKBB	PanUKBBR2	427055	2267	429322	Trans-ethnic (CSA,EUR)	566	PC10 (2e-30)	1.13401444051192e-96	9.14899785904532e-96	Yes	No
20002_1464_PanUKBB_PanUKBBR2_1	Rheumatoid Arthritis	PanUKBB	PanUKBBR2	431030	4916	435946	Trans-ethnic (AFR,CSA,EUR)	566	PC9 (3e-14)	9.38697793125407e-40	4.3805897012519e-39	Yes	No
20002_1466_PanUKBB_PanUKBBR2_1	Gout	PanUKBB	PanUKBBR2	423213	6109	429322	Trans-ethnic (CSA,EUR)	566	PC5 (5e-03)	0.0100965353098714	0.0170423787499957	No	No
20002_1477_PanUKBB_PanUKBBR2_1	Psoriatic Arthropathy	PanUKBB	PanUKBBR2	419662	811	420473	European (EUR)	566	PC1 (5e-03)	0.000428756320286082	0.000803496096284154	Yes	No
20002_1530_PanUKBB_PanUKBBR2_1	Iritis	PanUKBB	PanUKBBR2	420294	179	420473	European (EUR)	566	PC6 (2e-01)	0.802261325723466	0.835615735326849	No	No
20002_1538_PanUKBB_PanUKBBR2_1	Arthritis (Nos)	PanUKBB	PanUKBBR2	432490	3456	435946	Trans-ethnic (AFR,CSA,EUR)	566	PC2 (1e-01)	0.750534158525946	0.800189087413708	No	No
20002_1549_PanUKBB_PanUKBBR2_1	Lichen Planus	PanUKBB	PanUKBBR2	420309	164	420473	European (EUR)	566	PC1 (7e-03)	0.268698680600799	0.334818251219844	No	No
20002_1550_PanUKBB_PanUKBBR2_1	Lichen Sclerosis	PanUKBB	PanUKBBR2	420343	130	420473	European (EUR)	566	PC3 (3e-02)	0.464953446881704	0.542445688028655	No	No
20002_1608_PanUKBB_PanUKBBR2_1	Nephritis	PanUKBB	PanUKBBR2	420351	122	420473	European (EUR)	566	PC7 (5e-03)	0.0463311292185	0.0702013713918353	No	No
20002_1660_PanUKBB_PanUKBBR2_1	Rosacea	PanUKBB	PanUKBBR2	419802	671	420473	European (EUR)	566	PC12 (5e-02)	0.233913776305087	0.296914553389924	No	No
20002_1661_PanUKBB_PanUKBBR2_1	Vitiligo	PanUKBB	PanUKBBR2	420353	120	420473	European (EUR)	566	PC1 (7e-07)	1.36580026500146e-07	3.2834390209126e-07	Yes	No
20002_1668_PanUKBB_PanUKBBR2_1	Allergy To House Dust Mite	PanUKBB	PanUKBBR2	420249	224	420473	European (EUR)	566	PC4 (2e-02)	0.107858291362353	0.147955465961038	No	No
AAD_Eriksson_33574239_1	Autoimmune Addison's disease	Eriksson	33574239	4097	1223	5320	European (Finnish + Norwegian)	541	PC1 (1e-15)	2.3127387823675e-35	1.03855062302541e-34	Yes	Yes
AAVMPO_Wong_up_1	MPO+ AAV	Wong	doi:10.17863/CAM.51022	6717	609	7326	?	566	PC1 (6e-09)	4.10274938841573e-14	1.21298677570552e-13	Yes	Yes
AAVPR3_Wong_up_1	PR3+ AAV	Wong	doi:10.17863/CAM.51022	6717	1142	7859	?	566	PC9 (3e-05)	2.23512834041992e-07	5.24099059132947e-07	Yes	Yes
ACGLONEPH_Sakaue_doi1011012020102320213652_1	Acute glomerulonephritis	Sakaue	doi1011012020102320213652	174345	443	174788	East Asian (Japanese)	534	PC4 (4e-01)	0.666645938066121	0.7294792333781	No	No
AIHEP_Sakaue_doi1011012020102320213652_1	Autoimmune Hepatitis	Sakaue	doi1011012020102320213652	166529	85	166614	East Asian (Japanese)	534	PC9 (7e-01)	0.922609348018277	0.932403502455838	No	No
AITD_Saevarsdottir_32581359_1	Autoimmune Thyroid disease	Saevarsdottir	32581359	725172	30234	755406	European (Iceland + UK)	552	PC1 (6e-156)	0	0	Yes	No
ALCON_Sakaue_doi1011012020102320213652_1	Allergic conjunctivitis	Sakaue	doi1011012020102320213652	174719	3900	178619	East Asian (Japanese)	534	PC6 (2e-01)	0.278260670299511	0.344927289225436	No	No
ALLERGIC_CONTACT_DERMA_DRUGS_CONTACT_W_SKIN_FinnGen_FinnGenR7_1	Allergic contact dermatitis due to drugs in contact with skin	FinnGen	FinnGenR7	308706	448	309154	European (Finnish)	562	PC9 (5e-02)	0.688967043554558	0.750453804878649	No	No
ALLERG_ASTHMA_EXMORE_FinnGen_FinnGenR7_1	Allergic asthma (mode) (more controls excluded)	FinnGen	FinnGenR7	175182	10877	186059	European (Finnish)	562	PC13 (2e-55)	2.74586274004936e-68	1.86718666323356e-67	Yes	No
ALLERG_ASTHMA_FinnGen_FinnGenR7_1	Allergic asthma	FinnGen	FinnGenR7	180942	10877	191819	European (Finnish)	562	PC13 (8e-56)	1.79403648881579e-68	1.23762517199466e-67	Yes	No
ALLERG_RHINITIS_FinnGen_FinnGenR7_1	Allergic rhinitis	FinnGen	FinnGenR7	298829	8430	307259	European (Finnish)	562	PC13 (4e-30)	1.52738927552395e-33	6.32206343608174e-33	Yes	No
ALR_Ishigaki_doi101101795948_1	Allergic rhinitis	Ishigaki	doi101101795948	206707	5746	212453	East Asian (Japanese)	529	PC8 (1e-01)	0.843126696632542	0.870560320167223	No	No
ALR_Kubo_BBJ_1	Allergic rhinitis	Kubo	BBJ	206707	5746	212453	East Asian (Japanese)	529	PC8 (1e-01)	0.843126687409909	0.870560320167223	No	No
ALR_Sakaue_doi1011012020102320213652_1	Allergic rhinitis	Sakaue	doi1011012020102320213652	153666	7897	161563	East Asian (Japanese)	534	PC13 (3e-01)	0.191364087169066	0.248199742486309	No	No
ANS_Li_30946743_1	Ankylosing Spondylitis	Li	30946743	1841	1480	3321	Asian (Turkish + Iranian)	564	PC12 (2e-02)	0.0730170303371374	0.105003342720476	No	No
ANS_Li_30946743_2	Ankylosing Spondylitis	Li	30946743	830	479	1309	Asian (Iranian)	563	PC10 (1e-03)	0.0126958546426646	0.0212789676405224	No	No
ANS_Li_30946743_3	Ankylosing Spondylitis	Li	30946743	1011	1001	2012	Asian (Turkish)	563	PC12 (7e-03)	0.00946091661793159	0.0161412054126718	No	No
APAP_Sakaue_33589587_1	Autoimmune pulmonary alveolar proteinosis	Sakaue	33589587	395	198	593	East Asian (Japanese)	515	PC2 (4e-02)	0.0142485284338108	0.0236317056951008	No	No
ARTRHO_POSTDYSENTERIC_FinnGen_FinnGenR7_1	Postydysenteric arthropathy	FinnGen	FinnGenR7	307448	200	307648	European (Finnish)	562	PC6 (4e-02)	0.233870580338835	0.296914553389924	No	No
ASTAO_Ferreira_30929738_1	Adult-onset Asthma	Ferreira	30929738	300671	26582	327253	European	565	PC13 (4e-131)	5.79817431066696e-155	8.11744403493374e-154	Yes	Yes
ASTB_Kubo_BBJ_1	Bronchial Asthma	Kubo	BBJ	201592	8216	209808	East Asian (Japanese)	529	PC4 (9e-03)	2.10674394548039e-06	4.64263943541049e-06	Yes	No
ASTCO_Ferreira_30929738_1	Childhood-onset Asthma	Ferreira	30929738	300671	13962	314633	European	565	PC13 (6e-228)	0	0	Yes	Yes
ASTCO_Sakaue_doi1011012020102320213652_1	Childhood-onset Asthma	Sakaue	doi1011012020102320213652	161803	547	162350	East Asian (Japanese)	534	PC13 (2e-02)	0.0604095380776147	0.0874010338144213	No	No
ASTER_Ferreira_29083406_1	Asthma and/or Eczema and/or Rhinitis	Ferreira	29083406	34934	83335	118269	European	565	PC13 (2e-66)	3.15393870002832e-93	2.46110626428439e-92	Yes	No
ASTHMA_ALLERG_EXMORE_FinnGen_FinnGenR7_1	Asthma and allergy (more controls excluded)	FinnGen	FinnGenR7	175182	4512	179694	European (Finnish)	562	PC13 (2e-26)	1.84941330710257e-34	7.86000655518592e-34	Yes	No
ASTHMA_ALLERG_FinnGen_FinnGenR7_1	Asthma and allergy	FinnGen	FinnGenR7	180942	4512	185454	European (Finnish)	562	PC13 (2e-26)	1.33471184854001e-34	5.77566218095495e-34	Yes	No
ASTHMA_CHILD_EXMORE_FinnGen_FinnGenR7_1	Childhood asthma (age<16) (more controls excluded)	FinnGen	FinnGenR7	175182	4549	179731	European (Finnish)	562	PC13 (3e-28)	4.80937050131867e-35	2.11968551724786e-34	Yes	No
ASTHMA_CHILD_FinnGen_FinnGenR7_1	Childhood asthma (age<16)	FinnGen	FinnGenR7	180942	4549	185491	European (Finnish)	562	PC13 (3e-28)	5.28509832122116e-35	2.30798789073511e-34	Yes	No
ASTHMA_EOSINOPHIL_SUGG_FinnGen_FinnGenR7_1	Suggestive for eosinophilic asthma	FinnGen	FinnGenR7	276803	1884	278687	European (Finnish)	562	PC13 (1e-35)	7.36179387933711e-47	3.76797192103706e-46	Yes	No
ASTHMA_HOSPITAL_MAIN_FinnGen_FinnGenR7_1	Asthma, hospital admissions , main diagnosis only	FinnGen	FinnGenR7	282796	26358	309154	European (Finnish)	562	PC13 (3e-85)	9.93504534240792e-98	8.15358893618305e-97	Yes	No
ASTHMA_MIXED_EXMORE_FinnGen_FinnGenR7_1	Asthma mixed form (mode) (more controls excluded)	FinnGen	FinnGenR7	175182	2836	178018	European (Finnish)	562	PC13 (7e-20)	1.35749681493949e-16	4.25110844678419e-16	Yes	No
ASTHMA_MIXED_FinnGen_FinnGenR7_1	Asthma mixed form	FinnGen	FinnGenR7	180942	2836	183778	European (Finnish)	562	PC13 (6e-20)	1.0236952814444e-16	3.24852635978356e-16	Yes	No
ASTHMA_MODE_FinnGen_FinnGenR7_1	Asthma (mode)	FinnGen	FinnGenR7	181596	32351	213947	European (Finnish)	562	PC13 (2e-102)	2.7433259243854e-117	2.56043752942637e-116	Yes	No
ASTHMA_NAS_EXMORE_FinnGen_FinnGenR7_1	Asthma, unspecified (mode) (more controls excluded)	FinnGen	FinnGenR7	175182	20883	196065	European (Finnish)	562	PC13 (3e-64)	2.84387389010883e-65	1.82930266444838e-64	Yes	No
ASTHMA_NAS_FinnGen_FinnGenR7_1	Asthma (unspecified)	FinnGen	FinnGenR7	180942	20883	201825	European (Finnish)	562	PC13 (7e-65)	1.24985266562243e-65	8.14972423063393e-65	Yes	No
ASTHMA_NONALLERG_FinnGen_FinnGenR7_1	Non-allergic asthma (mode)	FinnGen	FinnGenR7	300320	8833	309153	European (Finnish)	562	PC13 (4e-13)	7.09536353220328e-14	2.07202027075384e-13	Yes	No
ASTR_Ferreira_29083406_1	Asthma-only vs. Rhinitis-only	Ferreira	29083406	26125	2048	28173	European	565	PC5 (4e-03)	0.0481271215056876	0.072266592544818	No	No
AST_Anantharaman_22188591_1	Asthma	Anantharaman	22188591	490	490	980	East Asian (Chinese)	478	PC4 (1e-01)	0.749328649033069	0.800189087413708	No	No
AST_Daya_30787307_1	Asthma	Daya	30787307	7645	7009	14654	African	558	PC13 (3e-04)	0.0524600012995486	0.0773094755993348	No	No
AST_Demenais_29273806_2	Asthma	Demenais	29273806	118538	23948	142486	Trans-ethnic (European + Asian + African + Hispanic/Latin American)	566	PC13 (5e-165)	3.83062006894724e-204	9.11687576409443e-203	Yes	No
AST_Ishigaki_doi101101795948_1	Asthma	Ishigaki	doi101101795948	201592	8216	209808	East Asian (Japanese)	529	PC4 (9e-03)	2.10674394548039e-06	4.64263943541049e-06	Yes	No
AST_Moffatt_20860503_1	Asthma	Moffatt	20860503	16110	10365	26475	European	516	PC13 (1e-71)	5.73020579317451e-79	4.07101187694189e-78	Yes	No
AST_Myers_24824216_1	Asthma	Myers	24824216	1535	1052	2587	European (North America)	528	PC13 (5e-05)	0.0258300579967457	0.0409836920215032	No	No
AST_Myers_24824216_2	Asthma	Myers	24824216	1535	1019	2554	European (North America)	528	PC13 (9e-08)	1.74683327209262e-07	4.1783549623924e-07	Yes	No
AST_Myers_24824216_3	Asthma	Myers	24824216	1503	675	2178	African (African Americans + Afro-Caribbean)	502	PC9 (1e-01)	0.736382384853788	0.794825431270755	No	No
AST_Myers_24824216_4	Asthma	Myers	24824216	1503	837	2340	African (African Americans + Afro-Caribbean)	502	PC13 (2e-02)	0.463239894528894	0.541774422102589	No	No
AST_Myers_24824216_5	Asthma	Myers	24824216	792	926	1718	Latin American (Latino)	524	PC8 (8e-02)	0.574696874374472	0.648236284839452	No	No
AST_Myers_24824216_6	Asthma	Myers	24824216	792	710	1502	Latin American (Latino)	525	PC9 (7e-02)	0.88547608513036	0.903943416558804	No	No
AST_Sakaue_doi1011012020102320213652_1	Asthma	Sakaue	doi1011012020102320213652	162933	13015	175948	East Asian (Japanese)	534	PC13 (2e-03)	9.5633089901352e-06	1.98783191235998e-05	Yes	No
ATD_Ishigaki_doi101101795948_1	Atopic Dermatitis	Ishigaki	doi101101795948	209651	2385	212036	East Asian (Japanese)	529	PC10 (3e-02)	0.05244731241643	0.0773094755993348	No	No
ATD_Kubo_BBJ_1	Atopic Dermatitis	Kubo	BBJ	209651	2385	212036	East Asian (Japanese)	529	PC10 (3e-02)	0.05244731241643	0.0773094755993348	No	No
ATD_Paternoster_26482879_1	Atopic Dermatitis	Paternoster	26482879	95464	21399	116863	Trans-ethnic	566	PC13 (4e-15)	3.27041393693192e-24	1.17933108634818e-23	Yes	Yes
ATD_Sakaue_doi1011012020102320213652_1	Atopic Dermatitis	Sakaue	doi1011012020102320213652	163807	4296	168103	East Asian (Japanese)	534	PC10 (7e-02)	0.148503752755488	0.198005003673984	No	No
ATOPIC_STRICT_FinnGen_FinnGenR7_1	Atopic dermatitis, strict definition	FinnGen	FinnGenR7	300873	7895	308768	European (Finnish)	562	PC13 (9e-20)	3.74761890742732e-35	1.6671650466686e-34	Yes	No
ATOPIC_STRICT_REIMB_FinnGen_FinnGenR7_1	Atopic dermatitis, strict definition with reimbursement	FinnGen	FinnGenR7	278634	8281	286915	European (Finnish)	562	PC13 (3e-22)	4.8979254991195e-38	2.26350731803969e-37	Yes	No
AUTOIMMUNE_HYPERTHYROIDISM_FinnGen_FinnGenR7_1	Autoimmune hyperthyroidism	FinnGen	FinnGenR7	231654	1421	233075	European (Finnish)	562	PC1 (6e-11)	1.93361384204631e-22	6.81777917640032e-22	Yes	No
BEHD_Sakaue_doi1011012020102320213652_1	BehÃ§et's disease	Sakaue	doi1011012020102320213652	171966	78	172044	East Asian (Japanese)	534	PC7 (4e-01)	0.77285529075897	0.815696493129201	No	No
BSC_Kuiper_24957906_1	Birdshot Corioretinopathy	Kuiper	24957906	693	117	810	European	565	PC7 (7e-02)	0.378629517236346	0.453973929986148	No	No
CDP_Lee_28067912_1	Poor Crohn's Disease Prognosis	Lee	28067912	972	1762	2734	European	563	PC5 (6e-04)	4.27877335004748e-06	9.17430682262433e-06	Yes	No
CD_Brant_27693347_1	Crohn's Disease	Brant	27693347	5002	1646	6648	African (African Americans)	561	PC1 (5e-14)	7.41957978526314e-26	2.80295236332163e-25	Yes	No
CD_Liu_26192919_1	Crohn's Disease	Liu	26192919	14957	5956	20913	European	565	PC3 (4e-161)	0	0	Yes	No
CHILDHOOD_ALLERGY_FinnGen_FinnGenR7_1	Childhood allergy (age < 16)	FinnGen	FinnGenR7	305042	4112	309154	European (Finnish)	562	PC13 (5e-17)	4.65536554928354e-19	1.52824413893722e-18	Yes	No
CHIRBIL_PRIM_FinnGen_FinnGenR7_1	Primary biliary cholangitis	FinnGen	FinnGenR7	232612	433	233045	European (Finnish)	562	PC3 (1e-05)	2.48858928132397e-17	8.05828910143e-17	Yes	Yes
CHRONLARGE_FinnGen_FinnGenR7_1	Crohn's disease of large intestine	FinnGen	FinnGenR7	296008	1220	297228	European (Finnish)	562	PC1 (3e-28)	2.82506068402723e-50	1.56363823906623e-49	Yes	No
CHRONNAS_FinnGen_FinnGenR7_1	Chron's disease NAS	FinnGen	FinnGenR7	296008	1545	297553	European (Finnish)	562	PC3 (5e-20)	4.11475061057745e-42	1.95862129063487e-41	Yes	No
CHRONOTH_FinnGen_FinnGenR7_1	Other Chron's disease	FinnGen	FinnGenR7	296008	1560	297568	European (Finnish)	562	PC1 (5e-30)	7.51527828878753e-57	4.64580839670502e-56	Yes	No
CHRONSMALL_FinnGen_FinnGenR7_1	Crohn's disease of small interstine	FinnGen	FinnGenR7	296008	1501	297509	European (Finnish)	562	PC1 (4e-29)	4.73012196129145e-47	2.44732397127688e-46	Yes	No
CONDER_Sakaue_doi1011012020102320213652_1	Contact dermatitis	Sakaue	doi1011012020102320213652	161777	247	162024	East Asian (Japanese)	534	PC4 (3e-01)	0.639616938897832	0.708041076547367	No	No
COPD_EARLY_EXMORE_FinnGen_FinnGenR7_1	Early onset COPD (more controls excluded)	FinnGen	FinnGenR7	181596	5587	187183	European (Finnish)	562	PC13 (1e-10)	5.10482248258332e-07	1.16821899120657e-06	Yes	No
COPD_EARLY_FinnGen_FinnGenR7_1	Early onset COPD	FinnGen	FinnGenR7	296473	5587	302060	European (Finnish)	562	PC13 (2e-07)	5.98720539920592e-05	0.000117764866529835	Yes	No
COPD_HOSPITAL_FinnGen_FinnGenR7_1	COPD, hospital admissions	FinnGen	FinnGenR7	296735	12419	309154	European (Finnish)	562	PC13 (8e-12)	5.08695680767564e-08	1.2354037961498e-07	Yes	No
COPD_INSUFFICIENCY_FinnGen_FinnGenR7_1	COPD-related respiratory insufficiency	FinnGen	FinnGenR7	296473	2297	298770	European (Finnish)	562	PC13 (2e-04)	0.0392245875187167	0.0604236364365992	No	No
COPD_Kubo_BBJ_1	Chronic obstructive pulmonary disease	Kubo	BBJ	201592	3315	204907	East Asian (Japanese)	529	PC8 (2e-01)	0.627889650508307	0.699942561222375	No	No
COPD_LATER_EXMORE_FinnGen_FinnGenR7_1	Later onset COPD (more controls excluded)	FinnGen	FinnGenR7	7944	7094	15038	European (Finnish)	562	PC13 (7e-05)	0.00630023032606158	0.0108656146203091	No	No
COPD_LATER_FinnGen_FinnGenR7_1	Later onset COPD	FinnGen	FinnGenR7	18856	7094	25950	European (Finnish)	562	PC13 (1e-03)	0.0220398376811914	0.0355625855466004	No	No
COPD_MODE_FinnGen_FinnGenR7_1	COPD (mode)	FinnGen	FinnGenR7	182685	12681	195366	European (Finnish)	562	PC13 (2e-15)	2.70452565844437e-11	7.31451257624727e-11	Yes	No
COPD_Sakaue_doi1011012020102320213652_1	Chronic obstructive pulmonary disease	Sakaue	doi1011012020102320213652	162653	4017	166670	East Asian (Japanese)	534	PC2 (3e-01)	0.817825902784229	0.849967532151295	No	No
CREST_FinnGen_FinnGenR7_1	CR(E)ST syndrome	FinnGen	FinnGenR7	308875	279	309154	European (Finnish)	562	PC2 (8e-06)	0.000303713099251743	0.000573680298586626	Yes	Yes
CROHN_ARTHR_FinnGen_FinnGenR7_1	Arthropathy in Crohn disease	FinnGen	FinnGenR7	306336	200	306536	European (Finnish)	562	PC3 (2e-02)	0.0358466286258476	0.0553993351490372	No	No
D3_AGRANULOCYTOSIS_FinnGen_FinnGenR7_1	Agranulocytosis	FinnGen	FinnGenR7	304076	2491	306567	European (Finnish)	562	PC5 (7e-03)	0.0279663453962458	0.0440794053265331	No	No
D3_AIHA_OTHER_FinnGen_FinnGenR7_1	Other autoimmune haemolytic anaemias	FinnGen	FinnGenR7	308515	200	308715	European (Finnish)	562	PC2 (3e-02)	0.0979239860909331	0.135894511309866	No	No
D3_ALLERGPURPURA_FinnGen_FinnGenR7_1	Allergic purpura	FinnGen	FinnGenR7	304806	690	305496	European (Finnish)	562	PC13 (5e-03)	0.0922123527182218	0.129097293805511	No	No
D3_COMBIMMUDEF_FinnGen_FinnGenR7_1	Combined immunodeficiencies	FinnGen	FinnGenR7	304494	260	304754	European (Finnish)	562	PC4 (1e-02)	0.125565544392149	0.169798861166656	No	No
D3_COMPLEMENTDEF_FinnGen_FinnGenR7_1	Defects in the complement system	FinnGen	FinnGenR7	304494	132	304626	European (Finnish)	562	PC11 (1e-01)	0.638667496375571	0.708041076547367	No	No
D3_CVID_FinnGen_FinnGenR7_1	Common variable immunodeficiency	FinnGen	FinnGenR7	304494	132	304626	European (Finnish)	562	PC13 (3e-02)	0.0817081330139985	0.115409707165173	No	No
D3_DEF_IGG_FinnGen_FinnGenR7_1	Selective deficiency of immunoglobulin G [IgG] subclasses	FinnGen	FinnGenR7	304494	137	304631	European (Finnish)	562	PC11 (1e-03)	0.0506695297604282	0.0756071980124258	No	No
D3_DEF_IIGA_FinnGen_FinnGenR7_1	Selective deficiency of immunoglobulin A [IgA]y	FinnGen	FinnGenR7	304494	86	304580	European (Finnish)	562	PC7 (1e-01)	0.731017040554586	0.79082752569087	No	No
D3_EOSINOPHILIA_FinnGen_FinnGenR7_1	Eosinophilia	FinnGen	FinnGenR7	304076	303	304379	European (Finnish)	562	PC11 (4e-02)	0.136889832041869	0.184587988815665	No	No
D3_IMMUDEFANTIBODYNAS_FinnGen_FinnGenR7_1	Other and unspecified immunodeficiencies with predominantly antibody defects	FinnGen	FinnGenR7	304494	248	304742	European (Finnish)	562	PC11 (1e-02)	0.119298955123256	0.162246578967628	No	No
D3_IMMUDEFANTIBODY_FinnGen_FinnGenR7_1	Immunodeficiency with predominantly antibody defects	FinnGen	FinnGenR7	304494	553	305047	European (Finnish)	562	PC13 (5e-03)	0.0745290517883013	0.106854905575998	No	No
D3_IMMUDEFOTHER_FinnGen_FinnGenR7_1	Other immunodeficiencies	FinnGen	FinnGenR7	304494	223	304717	European (Finnish)	562	PC7 (6e-02)	0.355519116995249	0.429510405303905	No	No
D3_IMMUDEF_FinnGen_FinnGenR7_1	Immunodeficiencies	FinnGen	FinnGenR7	308089	1065	309154	European (Finnish)	562	PC13 (8e-04)	0.015057528750065	0.0248867489063574	No	No
D3_IMMUNEMECHANISMOTHER_FinnGen_FinnGenR7_1	Other disorders involving the immune mechanism, not elsewhere classified	FinnGen	FinnGenR7	304494	604	305098	European (Finnish)	562	PC8 (5e-03)	0.0274743789732179	0.0434478551204376	No	No
D3_ITP_FinnGen_FinnGenR7_1	Idiopathic thrombocytopenic purpura	FinnGen	FinnGenR7	304806	605	305411	European (Finnish)	562	PC3 (1e-04)	0.000229083528716342	0.000436175038675915	Yes	Yes
D3_KELA_IMMUDEF_FinnGen_FinnGenR7_1	Kela reimbursement Agammaglobulinemia (D80-84)	FinnGen	FinnGenR7	304494	159	304653	European (Finnish)	562	PC3 (1e-02)	0.0461746956497514	0.0702013713918353	No	No
D3_NONHEREDHYPOGAMMA_FinnGen_FinnGenR7_1	Nonhereditary hypogammaglobulinemia	FinnGen	FinnGenR7	304494	216	304710	European (Finnish)	562	PC6 (5e-02)	0.456583372982984	0.535304644186947	No	No
D3_OTHERWHITECELL_FinnGen_FinnGenR7_1	Other disorders of white blood cells	FinnGen	FinnGenR7	304076	1086	305162	European (Finnish)	562	PC10 (4e-02)	0.677035018681155	0.739148323147316	No	No
D3_SARCOIDOSIS_FinnGen_FinnGenR7_1	Sarcoidosis	FinnGen	FinnGenR7	304494	3103	307597	European (Finnish)	562	PC3 (9e-09)	1.19205905979568e-11	3.29895414222525e-11	Yes	Yes
D3_WHITEBLOODCELLNAS_FinnGen_FinnGenR7_1	Other and unspecified disorders of white blood cells	FinnGen	FinnGenR7	304076	775	304851	European (Finnish)	562	PC8 (7e-02)	0.27709149787169	0.344374811976304	No	No
DERMATOPOLY_FG_FinnGen_FinnGenR7_1	Dermatopolymyositis (FinnGen)	FinnGen	FinnGenR7	238484	309	238793	European (Finnish)	562	PC13 (2e-04)	6.3832622281479e-06	1.34443930114973e-05	Yes	No
DMY_Miller_26291516_1	Dermatomyositis (Miller)	Miller	26291516	4724	705	5429	European	564	PC1 (2e-04)	0.000178261886875691	0.000343533028958822	Yes	Yes
DMY_Rothwell_up_1	Dermatomyositis (Rothwell)	Rothwell	36580032	3268	817	4085	European	479	PC1 (2e-04)	5.68078820289897e-06	1.20180230425774e-05	Yes	Yes
DM_NEOVASCULAR_GLAUCOMA_FinnGen_FinnGenR7_1	Neovascular glaucoma	FinnGen	FinnGenR7	296912	841	297753	European (Finnish)	562	PC3 (1e-02)	0.397933657984121	0.474727872682811	No	No
E4_DM1COMA_FinnGen_FinnGenR7_1	Type 1 diabetes with coma	FinnGen	FinnGenR7	255466	1732	257198	European (Finnish)	562	PC1 (2e-18)	1.83537448431767e-60	1.14952401912528e-59	Yes	No
E4_DM1KETO_FinnGen_FinnGenR7_1	Type 1 diabetes with ketoacidosis	FinnGen	FinnGenR7	255466	1781	257247	European (Finnish)	562	PC1 (4e-26)	1.91088436436101e-66	1.26330688532756e-65	Yes	No
E4_DM1NASCOMP_FinnGen_FinnGenR7_1	Type 1 diabetes with other specified/multiple/unspecified complications	FinnGen	FinnGenR7	255466	5055	260521	European (Finnish)	562	PC1 (8e-50)	8.90340751354151e-144	1.08667230165276e-142	Yes	No
E4_DM1NEU_FinnGen_FinnGenR7_1	Type 1 diabetes with neurological complications	FinnGen	FinnGenR7	255466	867	256333	European (Finnish)	562	PC1 (3e-09)	4.94928042136843e-25	1.82624610897006e-24	Yes	No
E4_DM1NOCOMP_FinnGen_FinnGenR7_1	Type 1 diabetes without complications	FinnGen	FinnGenR7	255466	7205	262671	European (Finnish)	562	PC1 (1e-59)	1.76906930793802e-197	3.82762268444772e-196	Yes	No
E4_DM1OPTH_FinnGen_FinnGenR7_1	Type 1 diabetes with ophthalmic complications	FinnGen	FinnGenR7	255466	4204	259670	European (Finnish)	562	PC1 (9e-42)	5.96359086194556e-152	7.67207905482726e-151	Yes	No
E4_DM1PERIPH_FinnGen_FinnGenR7_1	Type 1 diabetes with peripheral circulatory complications	FinnGen	FinnGenR7	255466	546	256012	European (Finnish)	562	PC1 (1e-04)	2.11570150526895e-10	5.56394429009956e-10	Yes	No
E4_DM1REN_FinnGen_FinnGenR7_1	Type 1 diabetes with renal complications	FinnGen	FinnGenR7	255466	1342	256808	European (Finnish)	562	PC1 (2e-18)	5.398773611421e-49	2.92024572617772e-48	Yes	No
E4_DM1_FinnGen_FinnGenR7_1	Type 1 diabetes	FinnGen	FinnGenR7	255466	8671	264137	European (Finnish)	562	PC1 (2e-59)	6.32927625948927e-187	1.15874442289111e-185	Yes	Yes
E4_DM1_STRICT_FinnGen_FinnGenR7_1	Type 1 diabetes, strict (exclude DM2)	FinnGen	FinnGenR7	256173	3678	259851	European (Finnish)	562	PC1 (8e-39)	3.60018373784425e-126	3.49732134533441e-125	Yes	No
E4_GRAVES_OPHT_STRICT_FinnGen_FinnGenR7_1	Graves opthalmopathy, strict	FinnGen	FinnGenR7	308718	436	309154	European (Finnish)	562	PC3 (8e-04)	1.84612661373512e-07	4.39378134068958e-07	Yes	No
E4_GRAVES_STRICT_FinnGen_FinnGenR7_1	Graves disease, strict definition	FinnGen	FinnGenR7	6691	2311	9002	European (Finnish)	562	PC1 (8e-07)	4.9348571864528e-09	1.24946384082528e-08	Yes	No
E4_HYPERPARA_FinnGen_FinnGenR7_1	Hyperparathyroidism	FinnGen	FinnGenR7	297590	4386	301976	European (Finnish)	562	PC11 (7e-04)	0.0161892134444933	0.0266645868497537	No	No
E4_HYPOPARA_FinnGen_FinnGenR7_1	Hypoparathyroidism	FinnGen	FinnGenR7	297590	709	298299	European (Finnish)	562	PC10 (2e-02)	0.120564664540261	0.163500798635796	No	No
E4_HYTHYNAS_FinnGen_FinnGenR7_1	Hypothyroidism,other/unspecified	FinnGen	FinnGenR7	263704	38554	302258	European (Finnish)	562	PC1 (1e-86)	2.75460180943037e-260	8.19494038305535e-259	Yes	No
E4_HYTHYPOSTINF_FinnGen_FinnGenR7_1	Postinfectious hypothyroidism	FinnGen	FinnGenR7	263704	134	263838	European (Finnish)	562	PC1 (2e-04)	1.23936698146955e-06	2.75672281859582e-06	Yes	No
E4_HYTHY_AI_STRICT_FinnGen_FinnGenR7_1	Hypothyroidism, strict autoimmune	FinnGen	FinnGenR7	227415	33422	260837	European (Finnish)	562	PC1 (7e-87)	1.22623266799606e-306	4.1691910711866e-305	Yes	Yes
E4_HYTHY_AI_STRICT_PURCH_FinnGen_FinnGenR7_1	Hypothyroidism, strict autoimmune, 3 medication purchases required	FinnGen	FinnGenR7	271027	33059	304086	European (Finnish)	562	PC1 (8e-82)	2.37545396504524e-251	6.28175604089741e-250	Yes	No
E4_THYROIDITAUTOIM_FinnGen_FinnGenR7_1	Autoimmune thyroiditis	FinnGen	FinnGenR7	263704	366	264070	European (Finnish)	562	PC1 (1e-07)	5.62665490765888e-17	1.8096538757065e-16	Yes	No
E4_THYROIDITNAS_FinnGen_FinnGenR7_1	Thyroiditis, unspecified	FinnGen	FinnGenR7	263704	330	264034	European (Finnish)	562	PC13 (2e-02)	0.105470433716647	0.145098053321168	No	No
E4_THYROIDITSUBAC_FinnGen_FinnGenR7_1	Subacute thyroiditis	FinnGen	FinnGenR7	263704	598	264302	European (Finnish)	562	PC3 (1e-02)	0.302832374922841	0.369546227213854	No	No
EGPAANCAn_Lyons_31719529_1	ANCA negative EGPA	Lyons	31719529	6688	352	7040	European	566	PC13 (3e-17)	1.44939471086705e-18	4.72542385186792e-18	Yes	Yes
EGPAMPO_Lyons_31719529_1	MPO+ EGPA	Lyons	31719529	6688	159	6847	European	566	PC13 (2e-06)	1.36908082128368e-05	2.83340204752623e-05	Yes	Yes
EGPA_Lyons_31719529_1	Eosinophilic Granulomatosis with Polyangiitis	Lyons	31719529	6688	534	7222	European	566	PC13 (3e-20)	8.67660267572517e-24	3.10531043131217e-23	Yes	Yes
EOE_Chang_34506852_1	Eosinophilic Esophagitis	Chang	34506852	13634	1930	15564	European	566	PC13 (3e-11)	9.31063780695452e-16	2.84093820263484e-15	Yes	Yes
ESOSINOPHIL_DISEASE_FinnGen_FinnGenR7_1	Eosinophilic disease (BM)	FinnGen	FinnGenR7	182685	303	182988	European (Finnish)	562	PC13 (4e-02)	0.102991425532388	0.142098314647585	No	No
FELTY_FinnGen_FinnGenR7_1	Felty syndrome	FinnGen	FinnGenR7	301860	123	301983	European (Finnish)	562	PC1 (2e-04)	0.000191005607879172	0.000366607537703572	Yes	Yes
FOODAL_Sakaue_doi1011012020102320213652_1	Food allergy	Sakaue	doi1011012020102320213652	165939	3777	169716	East Asian (Japanese)	534	PC12 (4e-02)	0.58121258988299	0.654035916747762	No	No
G6_GUILBAR_FinnGen_FinnGenR7_1	Guillain-Barre syndrome	FinnGen	FinnGenR7	304249	329	304578	European (Finnish)	562	PC11 (5e-02)	0.774710130325767	0.815845181493507	No	No
G6_MS_FinnGen_FinnGenR7_1	Multiple Sclerosis	FinnGen	FinnGenR7	306615	1676	308291	European (Finnish)	562	PC12 (1e-11)	9.3530381873924e-32	3.77292048915151e-31	Yes	Yes
G6_MYASTHENIA_FinnGen_FinnGenR7_1	Myasthenia gravis	FinnGen	FinnGenR7	306543	329	306872	European (Finnish)	562	PC9 (2e-02)	0.194370421826663	0.251413915188836	No	No
GIANT_CELL_TEMP_ARTERITIS_FinnGen_FinnGenR7_1	Giant cell arteritis with polymyalgia rheumatica	FinnGen	FinnGenR7	307855	685	308540	European (Finnish)	562	PC8 (3e-02)	0.0886537042886617	0.124481307496764	No	No
GOUT_FinnGen_FinnGenR7_1	Gout	FinnGen	FinnGenR7	284844	6031	290875	European (Finnish)	562	PC8 (3e-04)	0.000158636363297588	0.000306954914348178	Yes	Yes
GOUT_IDIO_FinnGen_FinnGenR7_1	Idiopathic gout	FinnGen	FinnGenR7	303123	1541	304664	European (Finnish)	562	PC13 (1e-02)	0.0394791171998238	0.0606195477003746	No	No
GOUT_Koettgen_23263486_1	Gout	Koettgen	23263486	67259	2115	69374	European	564	PC3 (1e-01)	0.865103752547879	0.885568572500625	No	No
GOUT_NOS_FinnGen_FinnGenR7_1	Gout, unspecified	FinnGen	FinnGenR7	303123	3850	306973	European (Finnish)	562	PC8 (1e-03)	0.00167817306390219	0.00302579688794486	Yes	No
GOUT_STRICT_FinnGen_FinnGenR7_1	Gout, strict definition	FinnGen	FinnGenR7	304399	3290	307689	European (Finnish)	562	PC8 (8e-03)	0.00613207322032776	0.0106140612831855	No	No
GRAVD_Kubo_BBJ_1	Graves' disease	Kubo	BBJ	210277	2176	212453	East Asian (Japanese)	529	PC13 (2e-03)	3.24615345455067e-08	7.92394381726215e-08	Yes	No
GRAVD_Okada_UP_1	Graves' disease	Okada	UP	210277	2176	212453	East Asian (Japanese)	529	PC13 (2e-03)	3.24615345455067e-08	7.92394381726215e-08	Yes	No
GRAVD_Okada_UP_2	Graves' disease	Okada	UP	101527	1579	103106	East Asian (Japanese)	529	PC13 (3e-02)	7.85167013473043e-05	0.000153802262721469	Yes	No
GRAVD_Okada_UP_3	Graves' disease	Okada	UP	108750	597	109347	East Asian (Japanese)	529	PC13 (2e-02)	0.00227264296939556	0.00406683478733942	Yes	No
GRAVD_Sakaue_doi1011012020102320213652_1	Graves' disease	Sakaue	doi1011012020102320213652	172656	2809	175465	East Asian (Japanese)	534	PC13 (6e-03)	1.14680604037636e-06	2.57490412839221e-06	Yes	No
H7_ALLERGICCONJUNCTIVITIS_FinnGen_FinnGenR7_1	Allergic conjunctivitis	FinnGen	FinnGenR7	293587	15567	309154	European (Finnish)	562	PC13 (4e-19)	3.18205272669505e-25	1.18332585773972e-24	Yes	No
H7_CONJUNCTIVITISATOPIC_FinnGen_FinnGenR7_1	Atopic conjunctivitis	FinnGen	FinnGenR7	285087	926	286013	European (Finnish)	562	PC6 (7e-04)	0.040939586894061	0.0626599465002349	No	No
HASHID_Sakaue_doi1011012020102320213652_1	Hashimoto's disease	Sakaue	doi1011012020102320213652	172656	537	173193	East Asian (Japanese)	534	PC11 (2e-01)	0.292882330512	0.362109063178473	No	No
HYPERTHY_Sakaue_doi1011012020102320213652_1	Hyperthyroidism	Sakaue	doi1011012020102320213652	172656	994	173650	East Asian (Japanese)	534	PC12 (2e-01)	0.00118137221140668	0.00215453322846582	Yes	No
HYPOTHYROIDISM_FinnGen_FinnGenR7_1	Hypothyroidism (congenital or acquired)	FinnGen	FinnGenR7	76464	38624	115088	European (Finnish)	562	PC1 (3e-54)	5.47853946819047e-180	9.3135170959238e-179	Yes	No
HYPOTHY_Sakaue_doi1011012020102320213652_1	Hypothyroidism	Sakaue	doi1011012020102320213652	172656	1114	173770	East Asian (Japanese)	534	PC13 (1e-01)	0.365912899250337	0.440948202640912	No	No
IBD_Brant_27693347_1	Inflammatory Bowel Disease	Brant	27693347	5002	116	5118	African (African Americans)	561	PC1 (2e-15)	2.67332784068569e-28	1.02621294529547e-27	Yes	No
IBD_DeLange_28067908_1	Inflammatory Bowel Disease	DeLange	28067908	34915	25042	59957	European	565	PC1 (0e+00)	0	0	Yes	No
IBD_Liu_26192919_1	Inflammatory Bowel Disease	Liu	26192919	21770	12882	34652	European	565	PC1 (1e-221)	0	0	Yes	No
IBM_Rothwell_up_1	Inclusion Body Myositis (Rothwell)	Rothwell	36580032	1008	252	1260	European	479	PC4 (1e-02)	0.0187965959133732	0.0306410262149508	No	No
IGAD_Bronson_27723758_1	IgA deficiency	Bronson	27723758	4852	1635	6487	European	566	PC4 (5e-06)	5.34558437686721e-16	1.65227153466805e-15	Yes	Yes
IGAN_Sakaue_doi1011012020102320213652_1	IgA nephropathy	Sakaue	doi1011012020102320213652	175288	71	175359	East Asian (Japanese)	534	PC6 (5e-01)	0.413893010151748	0.487656120871862	No	No
IIM_Rothwell_up_1	IIM (Rothwell)	Rothwell	36580032	10260	2565	12825	European	479	PC12 (3e-09)	1.62376746212668e-29	6.38771332208512e-29	Yes	Yes
INS_Kubo_BBJ_1	Idiopathic Nephrotic Syndrome	Kubo	BBJ	211496	957	212453	East Asian (Japanese)	529	PC8 (3e-01)	0.403256015131688	0.477487221897223	No	No
IRITIS_Sakaue_doi1011012020102320213652_1	Iritis	Sakaue	doi1011012020102320213652	175543	110	175653	East Asian (Japanese)	534	PC9 (3e-01)	0.751438071583881	0.800189087413708	No	No
ITP_Sakaue_doi1011012020102320213652_1	Idiopathic thrombocytopenic purpura	Sakaue	doi1011012020102320213652	178558	168	178726	East Asian (Japanese)	534	PC13 (3e-03)	0.0796336118718954	0.112814283485185	No	No
J10_ASTHMACOPDKELA_FinnGen_FinnGenR7_1	Asthma/COPD (KELA buy)	FinnGen	FinnGenR7	259128	29093	288221	European (Finnish)	562	PC13 (5e-105)	5.394364743186e-129	5.58199482120986e-128	Yes	No
J10_ASTHMA_EXMORE_FinnGen_FinnGenR7_1	Asthma (more controls excluded)	FinnGen	FinnGenR7	175182	32351	207533	European (Finnish)	562	PC13 (2e-101)	1.03138972305804e-116	9.26304732406844e-116	Yes	No
J10_ASTHMA_FinnGen_FinnGenR7_1	Asthma	FinnGen	FinnGenR7	180942	32351	213293	European (Finnish)	562	PC13 (3e-102)	6.93982186891336e-117	6.352606172313e-116	Yes	No
J10_ASTHMA_INCLAVO_FinnGen_FinnGenR7_1	Asthma, including avohilmo	FinnGen	FinnGenR7	268644	40510	309154	European (Finnish)	562	PC13 (4e-106)	3.56752148606269e-127	3.61306431354434e-126	Yes	No
J10_ASTHMA_MAIN_EXMORE_FinnGen_FinnGenR7_1	Asthma, main (more controls excluded)	FinnGen	FinnGenR7	175182	26363	201545	European (Finnish)	562	PC13 (2e-92)	1.10226430612076e-106	9.20487385462249e-106	Yes	No
J10_ASTHMA_MAIN_FinnGen_FinnGenR7_1	Asthma,main	FinnGen	FinnGenR7	180942	26363	207305	European (Finnish)	562	PC13 (7e-93)	1.01659463527186e-106	8.64105439981081e-106	Yes	No
J10_BRONCHNAS_FinnGen_FinnGenR7_1	Unspecified chronic bronchitis	FinnGen	FinnGenR7	259128	849	259977	European (Finnish)	562	PC5 (9e-03)	0.138474377160414	0.186197185108353	No	No
J10_COPDNAS_FinnGen_FinnGenR7_1	Other chronic obstructive pulmonary disease	FinnGen	FinnGenR7	259128	12681	271809	European (Finnish)	562	PC13 (8e-16)	1.95458187392273e-11	5.34701708038632e-11	Yes	No
J10_COPD_FinnGen_FinnGenR7_1	COPD	FinnGen	FinnGenR7	259128	13255	272383	European (Finnish)	562	PC13 (6e-17)	2.0741757570835e-12	5.77372900802191e-12	Yes	No
J10_NASALPOLYP_FinnGen_FinnGenR7_1	Nasal polyp	FinnGen	FinnGenR7	234924	4865	239789	European (Finnish)	562	PC13 (2e-44)	1.87455188835118e-69	1.31218632184583e-68	Yes	Yes
J10_PULMEOS_FinnGen_FinnGenR7_1	Pulmonary eosinophilia, not elsewhere classified	FinnGen	FinnGenR7	305292	252	305544	European (Finnish)	562	PC13 (5e-02)	0.374614074163779	0.450293685105957	No	No
J10_VASOALLERRHIN_FinnGen_FinnGenR7_1	Vasomotor and allergic rhinitis	FinnGen	FinnGenR7	234924	11069	245993	European (Finnish)	562	PC13 (8e-40)	4.20012412220087e-44	2.0825615439246e-43	Yes	No
JDM_Miller_26291516_1	Juvenile Dermatomyositis (Miller)	Miller	26291516	4724	473	5197	European	564	PC1 (2e-03)	0.00467494010014523	0.00818114517525415	Yes	Yes
JDM_Rothwell_up_1	Juvenile Dermatomyositis (Rothwell)	Rothwell	36580032	2032	508	2540	European	479	PC12 (2e-04)	0.00484844729774529	0.0084537029806841	Yes	Yes
JIA_LopezIsac_33106285_1	Juvenile Idiopathic Arthritis	LopezIsac	33106285	9196	3305	12501	European (UK)	566	PC3 (8e-20)	8.78550471059909e-52	5.03843402680141e-51	Yes	Yes
JO1M_Rothwell_up_1	Jo1+ Myositis (Rothwell)	Rothwell	36580032	1244	310	1554	European	479	PC9 (4e-05)	1.89777564771733e-07	4.49423486723109e-07	Yes	Yes
JRA_Sakaue_doi1011012020102320213652_1	Juvenile rheumatoid arthritis	Sakaue	doi1011012020102320213652	173268	110	173378	East Asian (Japanese)	534	PC7 (2e-01)	0.889041138303438	0.903943416558804	No	No
JUVEN_ARTHR_FinnGen_FinnGenR7_1	Juvenile arthritis (FINNGEN)	FinnGen	FinnGenR7	238484	1203	239687	European (Finnish)	562	PC3 (4e-12)	1.66710614159681e-21	5.7503081405803e-21	Yes	No
K11_CD_NOUC_FinnGen_FinnGenR7_1	Crohn disease (strict definition, all UC cases excluded)	FinnGen	FinnGenR7	301234	1021	302255	European (Finnish)	562	PC1 (2e-27)	4.16793515981075e-43	2.04529601656692e-42	Yes	No
K11_CD_STRICT2_FinnGen_FinnGenR7_1	Crohn disease (Aki's strict definition, require KELA, min 2 HDR)	FinnGen	FinnGenR7	307754	1282	309036	European (Finnish)	562	PC1 (1e-26)	1.87245460777228e-48	9.90320436999562e-48	Yes	No
K11_CD_STRICT_FinnGen_FinnGenR7_1	Crohn disease (Aki's strict definition, require KELA)	FinnGen	FinnGenR7	307754	1307	309061	European (Finnish)	562	PC1 (2e-27)	1.90141546057211e-49	1.04031466578428e-48	Yes	No
K11_CHOLANGI_FinnGen_FinnGenR7_1	Primary sclerosing cholangitis	FinnGen	FinnGenR7	273442	1231	274673	European (Finnish)	562	PC13 (6e-04)	4.58106491527698e-05	9.2007886062103e-05	Yes	Yes
K11_CHOLANGI_STRICT_FinnGen_FinnGenR7_1	Primary sclerosing cholangitis	FinnGen	FinnGenR7	292944	376	293320	European (Finnish)	562	PC6 (6e-05)	5.43174415306396e-11	1.44441911556338e-10	Yes	No
K11_COELIAC_FinnGen_FinnGenR7_1	Coeliac disease	FinnGen	FinnGenR7	296917	2953	299870	European (Finnish)	562	PC7 (8e-28)	2.11623582055673e-47	1.10695412152198e-46	Yes	Yes
K11_CROHN_FinnGen_FinnGenR7_1	Crohn disease	FinnGen	FinnGenR7	296008	3147	299155	European (Finnish)	562	PC1 (1e-39)	1.15027039597588e-82	8.29588952249271e-82	Yes	Yes
K11_ENERCOLNONINF_FinnGen_FinnGenR7_1	Noninfective enteritis and colitis	FinnGen	FinnGenR7	296008	13146	309154	European (Finnish)	562	PC3 (1e-53)	3.16032932360166e-142	3.66906526349851e-141	Yes	No
K11_IBD_FinnGen_FinnGenR7_1	Inflammatory bowel disease	FinnGen	FinnGenR7	300450	8704	309154	European (Finnish)	562	PC1 (4e-74)	2.30342915863792e-189	4.3857291180466e-188	Yes	Yes
K11_IBD_STRICT_FinnGen_FinnGenR7_1	Inflammatory bowel disease, strict (require KELA)	FinnGen	FinnGenR7	303191	5671	308862	European (Finnish)	562	PC1 (3e-84)	1.10604110598236e-197	2.50702650689335e-196	Yes	No
K11_IBD_STRICT_PSC_FinnGen_FinnGenR7_1	IBD (strict) with PSC	FinnGen	FinnGenR7	299538	207	299745	European (Finnish)	562	PC11 (6e-04)	1.68117139944795e-08	4.21177676914328e-08	Yes	No
K11_IBS_FinnGen_FinnGenR7_1	Irritable bowel syndrome	FinnGen	FinnGenR7	253186	7053	260239	European (Finnish)	562	PC3 (9e-03)	0.169267233985762	0.221959237953782	No	No
K11_KELACROHN_FinnGen_FinnGenR7_1	Crohn's disease patients in KELA-register (KELA code 209, or 208 with ICD K50)	FinnGen	FinnGenR7	307754	1400	309154	European (Finnish)	562	PC1 (6e-29)	1.93141480949688e-51	1.09446839204823e-50	Yes	No
K11_KELAIBD_FinnGen_FinnGenR7_1	IBD patients in KELA-register	FinnGen	FinnGenR7	296008	5963	301971	European (Finnish)	562	PC1 (4e-87)	8.50686708247402e-207	2.13119406908297e-205	Yes	No
K11_KELAUC_FinnGen_FinnGenR7_1	UC patients in KELA-register ( KELA 208 prior to 1994, or ICD K51)	FinnGen	FinnGenR7	304728	4426	309154	European (Finnish)	562	PC3 (4e-59)	5.6474162969298e-153	7.46713932594051e-152	Yes	No
K11_PSC_COLITIS_FinnGen_FinnGenR7_1	Primary sclerosing cholangitis	FinnGen	FinnGenR7	307923	291	308214	European (Finnish)	562	PC6 (4e-06)	5.08053681821045e-10	1.3214948226602e-09	Yes	No
K11_PSC_COLITIS_STRICT_FinnGen_FinnGenR7_1	Primary sclerosing cholangitis	FinnGen	FinnGenR7	307923	221	308144	European (Finnish)	562	PC6 (2e-05)	1.51768006890311e-08	3.82230535871894e-08	Yes	No
K11_UC_NOCD_FinnGen_FinnGenR7_1	Ulcerative colitis (strict definition, all Crohn cases excluded)	FinnGen	FinnGenR7	303191	3407	306598	European (Finnish)	562	PC3 (2e-42)	8.19445471945555e-113	7.2232600860386e-112	Yes	No
K11_UC_STRICT2_FinnGen_FinnGenR7_1	Ulcerative colitis (Aki's strict definition, require KELA, min 2 HDR)	FinnGen	FinnGenR7	304728	3868	308596	European (Finnish)	562	PC3 (2e-54)	3.28317901701382e-139	3.6344028188339e-138	Yes	No
K11_UC_STRICT_FinnGen_FinnGenR7_1	Ulcerative colitis (Aki's strict definition, require KELA)	FinnGen	FinnGenR7	304728	4024	308752	European (Finnish)	562	PC3 (1e-56)	1.15430083997997e-142	1.37361799957616e-141	Yes	No
K11_UC_STRICT_PSC_FinnGen_FinnGenR7_1	Ulcerative colitis (strict) with PSC	FinnGen	FinnGenR7	299538	167	299705	European (Finnish)	562	PC11 (9e-04)	9.50299559466347e-06	1.9839587294122e-05	Yes	No
K11_ULCER_FinnGen_FinnGenR7_1	Ulcerative colitis	FinnGen	FinnGenR7	296008	6607	302615	European (Finnish)	562	PC3 (2e-57)	1.41858136681997e-157	2.11013978314471e-156	Yes	Yes
KD_Hoggart_33772158_1	Kawasaki Disease	Hoggart	33772158	6101	400	6501	European (US, NL, UK)	547	PC9 (2e-02)	0.16684374725547	0.21938570081106	No	No
L12_ALLERGICCONTACT_FinnGen_FinnGenR7_1	Alergic contact dermatitis	FinnGen	FinnGenR7	278795	3364	282159	European (Finnish)	562	PC13 (5e-06)	2.57019268981297e-05	5.25069407875954e-05	Yes	No
L12_ATOPIC_FinnGen_FinnGenR7_1	Atopic dermatitis	FinnGen	FinnGenR7	278795	10277	289072	European (Finnish)	562	PC13 (2e-25)	2.49572631571886e-41	1.17620368938829e-40	Yes	No
L12_DERMATHERP_FinnGen_FinnGenR7_1	Dermatitis herpetiformis	FinnGen	FinnGenR7	308031	401	308432	European (Finnish)	562	PC7 (1e-05)	1.01665292770747e-06	2.29349191274292e-06	Yes	No
L12_DERMATITISECZEMA_FinnGen_FinnGenR7_1	Dermatitis and eczema	FinnGen	FinnGenR7	278795	30359	309154	European (Finnish)	562	PC13 (3e-25)	1.07320566430395e-37	4.91197977123731e-37	Yes	No
L12_DYSHIDROSIS_FinnGen_FinnGenR7_1	Dyshidrosis [pompholyx]	FinnGen	FinnGenR7	278795	312	279107	European (Finnish)	562	PC6 (7e-02)	0.303555829497094	0.369546227213854	No	No
L12_ERYTHEMAMULTIF_FinnGen_FinnGenR7_1	Erythema multiforme	FinnGen	FinnGenR7	299491	486	299977	European (Finnish)	562	PC9 (2e-02)	0.166355706935677	0.219349907206045	No	No
L12_ERYTHEMANODOSUM_FinnGen_FinnGenR7_1	Erythema nodosum	FinnGen	FinnGenR7	299491	645	300136	European (Finnish)	562	PC3 (3e-04)	0.00110273892164805	0.00201886048732489	Yes	Yes
L12_ERYTHRO_KELA_FinnGen_FinnGenR7_1	Universal erythrodermia, KELA reimbursement	FinnGen	FinnGenR7	299491	270	299761	European (Finnish)	562	PC11 (1e-01)	0.633747096460382	0.704821537184911	No	No
L12_FOODDERMAT_FinnGen_FinnGenR7_1	Dermatitis due to ingested food	FinnGen	FinnGenR7	278795	730	279525	European (Finnish)	562	PC5 (1e-02)	0.0252067713101229	0.0402517186618047	No	No
L12_LICHENPLANUS_FinnGen_FinnGenR7_1	Lichen planus	FinnGen	FinnGenR7	299128	2766	301894	European (Finnish)	562	PC2 (4e-06)	4.79110133186161e-15	1.43431712828058e-14	Yes	Yes
L12_LICHENSCLERATROPH_FinnGen_FinnGenR7_1	Lichen sclerosus et atrophicus	FinnGen	FinnGenR7	291889	1577	293466	European (Finnish)	562	PC3 (8e-05)	6.68456745141087e-06	1.40169784443682e-05	Yes	Yes
L12_LOCALSCLERODERMA_FinnGen_FinnGenR7_1	Localized scleroderma [morphea]	FinnGen	FinnGenR7	291889	265	292154	European (Finnish)	562	PC3 (1e-04)	0.00514689371897148	0.00894131901543951	Yes	Yes
L12_LUPUS_FinnGen_FinnGenR7_1	Lupus erythematosus	FinnGen	FinnGenR7	291889	491	292380	European (Finnish)	562	PC2 (1e-06)	1.74756115600292e-08	4.35517858773503e-08	Yes	No
L12_NECROLIPOIDIC_FinnGen_FinnGenR7_1	Necrobiosis lipoidica, not elsewhere classified	FinnGen	FinnGenR7	291889	130	292019	European (Finnish)	562	PC1 (2e-03)	0.0522197544753016	0.0773094755993348	No	No
L12_OTHERCONTACT_FinnGen_FinnGenR7_1	Other contact dermatitis	FinnGen	FinnGenR7	278795	1942	280737	European (Finnish)	562	PC13 (3e-03)	0.109749777916589	0.150117512322691	No	No
L12_PEMPHIGOID_BULL_FinnGen_FinnGenR7_1	Bullous pemphigoid	FinnGen	FinnGenR7	308031	355	308386	European (Finnish)	562	PC11 (6e-02)	0.138911078571224	0.186258234929303	No	No
L12_PEMPHIGOID_FinnGen_FinnGenR7_1	Pemphigoid	FinnGen	FinnGenR7	308031	453	308484	European (Finnish)	562	PC13 (3e-02)	0.172935324970887	0.226146194192698	No	No
L12_PEMPHIGUS_FinnGen_FinnGenR7_1	Pemphigus	FinnGen	FinnGenR7	308031	124	308155	European (Finnish)	562	PC10 (8e-04)	0.0169732105960646	0.0277637396691641	No	No
L12_PERIORALDERM_FinnGen_FinnGenR7_1	Perioral dermatitis	FinnGen	FinnGenR7	297544	306	297850	European (Finnish)	562	PC3 (8e-02)	0.5521450250319	0.631781326719193	No	No
L12_PG_FinnGen_FinnGenR7_1	Pyoderma gangrenosum	FinnGen	FinnGenR7	309046	108	309154	European (Finnish)	562	PC3 (4e-03)	0.219275391719933	0.281334464848216	No	No
L12_PSORIASIS_FinnGen_FinnGenR7_1	Psoriasis	FinnGen	FinnGenR7	299128	6995	306123	European (Finnish)	562	PC5 (8e-06)	1.07498221243843e-16	3.38868564980591e-16	Yes	Yes
L12_PSORI_ARTHRO_FinnGen_FinnGenR7_1	Arthropathic psoriasis	FinnGen	FinnGenR7	299128	2571	301699	European (Finnish)	562	PC5 (8e-05)	2.60577469251442e-09	6.6685416862197e-09	Yes	Yes
L12_PSORI_GUTTATE_FinnGen_FinnGenR7_1	Guttate psoriasis	FinnGen	FinnGenR7	299128	258	299386	European (Finnish)	562	PC4 (8e-03)	0.0593547925584302	0.0861368331030877	No	No
L12_PSORI_NAS_FinnGen_FinnGenR7_1	Other and unspecified psoriasis	FinnGen	FinnGenR7	299128	1287	300415	European (Finnish)	562	PC5 (3e-03)	0.0196795933802443	0.0319709435119327	No	No
L12_PSORI_PUST_FinnGen_FinnGenR7_1	Pustular psoriasis	FinnGen	FinnGenR7	308224	930	309154	European (Finnish)	562	PC1 (9e-05)	0.00108308911248574	0.0019905421526765	Yes	No
L12_PSORI_VULG_FinnGen_FinnGenR7_1	Psoriasis vulgaris	FinnGen	FinnGenR7	299128	4321	303449	European (Finnish)	562	PC11 (5e-07)	3.92092676167073e-11	1.05444132121767e-10	Yes	No
L12_PYODERMAGANGRENOSUM_FinnGen_FinnGenR7_1	Pyoderma gangrenosum	FinnGen	FinnGenR7	291889	108	291997	European (Finnish)	562	PC3 (4e-03)	0.227563447967957	0.290402684270101	No	No
L12_RHINOPHYMA_FinnGen_FinnGenR7_1	Rhinophyma	FinnGen	FinnGenR7	297544	100	297644	European (Finnish)	562	PC2 (2e-01)	0.75476626618479	0.801939157821339	No	No
L12_ROSACEANAS_FinnGen_FinnGenR7_1	Other and unspcified rosacea	FinnGen	FinnGenR7	297544	1547	299091	European (Finnish)	562	PC3 (5e-07)	5.71328681403162e-05	0.000113787636965651	Yes	No
L12_ROSACEA_FinnGen_FinnGenR7_1	Rosacea	FinnGen	FinnGenR7	297544	1877	299421	European (Finnish)	562	PC3 (3e-07)	3.35321747641787e-05	6.7632691473513e-05	Yes	Yes
L12_SEBORRHOEIC_FinnGen_FinnGenR7_1	Seborrhoeic dermatitis	FinnGen	FinnGenR7	278795	1919	280714	European (Finnish)	562	PC7 (5e-03)	0.00715868932927008	0.0123015744430778	No	No
L12_URTICA_ALLERG_FinnGen_FinnGenR7_1	Allergic urticaria	FinnGen	FinnGenR7	299491	1792	301283	European (Finnish)	562	PC2 (2e-01)	0.991679201653789	0.993766947341481	No	No
L12_VITILIGO_FinnGen_FinnGenR7_1	Vitiligo	FinnGen	FinnGenR7	291889	191	292080	European (Finnish)	562	PC1 (1e-03)	7.966596158777e-07	1.8144018045827e-06	Yes	Yes
M13_ANKYLOSPON_FinnGen_FinnGenR7_1	Ankylosing spondylitis	FinnGen	FinnGenR7	227388	2252	229640	European (Finnish)	562	PC1 (9e-06)	1.0800154654235e-12	3.04193705054193e-12	Yes	Yes
M13_ANKYLOSPON_STRICT_FinnGen_FinnGenR7_1	Ankylosing spondylitis, strict definition	FinnGen	FinnGenR7	307055	923	307978	European (Finnish)	562	PC1 (4e-05)	4.40044238262697e-07	1.01680124957788e-06	Yes	No
M13_DERMATOMYOTH_FinnGen_FinnGenR7_1	Other dermatomyositis (FinnGen)	FinnGen	FinnGenR7	300162	107	300269	European (Finnish)	562	PC13 (5e-02)	0.151995316514438	0.201531394598531	No	No
M13_DERMATOPOLYNAS_FinnGen_FinnGenR7_1	Dermatopolymyositis, unspecified (FinnGen)	FinnGen	FinnGenR7	300162	112	300274	European (Finnish)	562	PC13 (1e-02)	0.00950371718400384	0.0161563192128065	No	No
M13_DERMATOPOLY_FinnGen_FinnGenR7_1	Dermatopolymyositis (FinnGen)	FinnGen	FinnGenR7	300162	322	300484	European (Finnish)	562	PC13 (2e-04)	3.27684852636399e-06	7.12228264177744e-06	Yes	No
M13_FIBROMYALGIA_FinnGen_FinnGenR7_1	Fibromyalgia	FinnGen	FinnGenR7	231460	1595	233055	European (Finnish)	562	PC12 (2e-02)	0.379789404071818	0.454220493312024	No	No
M13_GIANTCELL_FinnGen_FinnGenR7_1	Giant cell arteritis	FinnGen	FinnGenR7	300162	759	300921	European (Finnish)	562	PC8 (2e-02)	0.0203059266488537	0.0328762621933822	No	No
M13_GOUT_FinnGen_FinnGenR7_1	Gout	FinnGen	FinnGenR7	202617	6031	208648	European (Finnish)	562	PC8 (7e-04)	0.00083270513062954	0.00154228654544615	Yes	No
M13_HYPERANG_FinnGen_FinnGenR7_1	Hypersensitivity angiitis	FinnGen	FinnGenR7	300162	115	300277	European (Finnish)	562	PC6 (2e-02)	0.0779007117897889	0.110688772572954	No	No
M13_JUVEARTH_FinnGen_FinnGenR7_1	Other juvenile arthritis	FinnGen	FinnGenR7	202617	1023	203640	European (Finnish)	562	PC3 (8e-11)	1.50982038044564e-16	4.69721896138644e-16	Yes	No
M13_JUVERHEU_FinnGen_FinnGenR7_1	Juvenile rheuma	FinnGen	FinnGenR7	202617	561	203178	European (Finnish)	562	PC3 (2e-05)	1.60168175432888e-11	4.40693939341357e-11	Yes	No
M13_MICROPOLYANG_FinnGen_FinnGenR7_1	Microscopic polyangiitis	FinnGen	FinnGenR7	307672	106	307778	European (Finnish)	562	PC2 (5e-03)	0.0252841678148731	0.0402517186618047	No	No
M13_MULTIFIBRO_FinnGen_FinnGenR7_1	Multifocal fibrosclerosis	FinnGen	FinnGenR7	300162	137	300299	European (Finnish)	562	PC13 (4e-03)	0.349223057822298	0.422977545861104	No	No
M13_MYOSITIS_FinnGen_FinnGenR7_1	Myositis (FinnGen)	FinnGen	FinnGenR7	231460	520	231980	European (Finnish)	562	PC13 (7e-03)	0.00352217212289583	0.00618654586899784	Yes	No
M13_PALINDROMIC_FinnGen_FinnGenR7_1	Palindromic rheumatism	FinnGen	FinnGenR7	202617	225	202842	European (Finnish)	562	PC3 (9e-04)	0.000132990251080508	0.00025838105924213	Yes	Yes
M13_PANNICULITISNAS_FinnGen_FinnGenR7_1	Panniculitis, unspecified	FinnGen	FinnGenR7	231460	204	231664	European (Finnish)	562	PC12 (9e-05)	0.0297442852492446	0.0467269959691103	No	No
M13_POLNODOSA_FinnGen_FinnGenR7_1	Polyarteritis nodosa	FinnGen	FinnGenR7	300162	143	300305	European (Finnish)	562	PC11 (2e-02)	0.297677575790819	0.365192077516572	No	No
M13_POLYARTERETAL_FinnGen_FinnGenR7_1	Polyarteritis nodosa and related conditions	FinnGen	FinnGenR7	300162	295	300457	European (Finnish)	562	PC13 (8e-03)	0.0324253312439943	0.0506047792529223	No	No
M13_POLYMYALGIA_FinnGen_FinnGenR7_1	Polymyalgia rheumatica	FinnGen	FinnGenR7	300162	2535	302697	European (Finnish)	562	PC13 (3e-03)	0.000251988237607544	0.000477874107972872	Yes	Yes
M13_POLYMYO_FinnGen_FinnGenR7_1	Polymyositis (FinnGen)	FinnGen	FinnGenR7	300162	178	300340	European (Finnish)	562	PC13 (2e-04)	2.83453227002631e-05	5.76597162620737e-05	Yes	No
M13_PSORIARTH_ICD10_FinnGen_FinnGenR7_1	Psoriatic arthropathies, ICD10	FinnGen	FinnGenR7	306835	2319	309154	European (Finnish)	562	PC5 (5e-04)	3.38947952586728e-06	7.33360115596739e-06	Yes	No
M13_RHEUMA_FinnGen_FinnGenR7_1	Rheumatoid arthritis	FinnGen	FinnGenR7	202617	9855	212472	European (Finnish)	562	PC9 (7e-35)	2.69517780685798e-147	3.37606483174842e-146	Yes	Yes
M13_RHEUMA_INCLAVO_FinnGen_FinnGenR7_1	Rheumatoid arthritis, including avohilmo	FinnGen	FinnGenR7	298550	10604	309154	European (Finnish)	562	PC1 (9e-33)	1.06465352924138e-154	1.44792879976828e-153	Yes	No
M13_SJOGREN_FinnGen_FinnGenR7_1	Sicca syndrome [Sjogren]	FinnGen	FinnGenR7	300162	1981	302143	European (Finnish)	562	PC2 (2e-11)	1.35321637230806e-24	4.95485379398951e-24	Yes	No
M13_SLE_FinnGen_FinnGenR7_1	Systemic lupus erythematosus	FinnGen	FinnGenR7	300162	835	300997	European (Finnish)	562	PC2 (7e-13)	1.6833684157907e-28	6.51449890988921e-28	Yes	Yes
M13_SYSTSLCE_FinnGen_FinnGenR7_1	Systemic sclerosis	FinnGen	FinnGenR7	300162	482	300644	European (Finnish)	562	PC2 (1e-05)	2.13823845210205e-06	4.69032950783675e-06	Yes	No
M13_TEMPARTERIT_FinnGen_FinnGenR7_1	Temporal arteritis	FinnGen	FinnGenR7	300162	685	300847	European (Finnish)	562	PC8 (2e-02)	0.0770863981349599	0.109859657222278	No	No
M13_WEGENER_FinnGen_FinnGenR7_1	Wegener granulomatosis	FinnGen	FinnGenR7	300162	350	300512	European (Finnish)	562	PC3 (3e-04)	0.000721221548498049	0.00134628022386303	Yes	Yes
MALR_Sakaue_doi1011012020102320213652_1	Metal allergy	Sakaue	doi1011012020102320213652	161777	278	162055	East Asian (Japanese)	534	PC13 (1e-01)	0.658433196195204	0.722152537762482	No	No
MS_IMSGC_31604244_1	Multiple Sclerosis	IMSGC	31604244	68374	47429	115803	European (Multiple countries)	565	PC12 (1e-100)	1.11253831659854e-308	1.11258772742198e-308	Yes	No
MYGEO_Renton_25643325_1	Early-onset Myastenia Gravis	Renton	25643325	1977	235	2212	European (North America)	564	PC1 (2e-03)	5.9883598965413e-08	1.44693366028105e-07	Yes	Yes
MYGLO_Renton_25643325_1	Late-onset Myastenia Gravis	Renton	25643325	1977	737	2714	European (North America)	564	PC3 (2e-07)	1.39349495042457e-10	3.68501998001164e-10	Yes	Yes
MYG_Chia_35074870_1	Myastenia Gravis	Chia	35074870	36370	1873	38243	European (US + Italy)	515	PC1 (2e-11)	2.90073325065672e-21	9.86249305223285e-21	Yes	Yes
MYG_Renton_25643325_1	Myastenia Gravis	Renton	25643325	1977	972	2949	European (North America)	547	PC3 (1e-08)	1.24707807368247e-15	3.75702001944845e-15	Yes	No
MYG_Sakaue_doi1011012020102320213652_1	Myastenia Gravis	Sakaue	doi1011012020102320213652	178630	81	178711	East Asian (Japanese)	534	PC12 (8e-04)	0.0726182825319847	0.104746371167348	No	No
MYO_Miller_26291516_1	IIM (Miller)	Miller	26291516	4724	1711	6435	European	564	PC1 (2e-06)	6.69316888305695e-13	1.90775352594917e-12	Yes	Yes
N14_FEMALEGENINF_FinnGen_FinnGenR7_1	Inflammatory diseases of female pelvic organs	FinnGen	FinnGenR7	156724	17022	173746	European (Finnish)	562	PC12 (1e-01)	0.608230150793053	0.68282441456956	No	No
N14_GLOMER_NEPHRITIS_FinnGen_FinnGenR7_1	Glomerulonephritis	FinnGen	FinnGenR7	307853	1301	309154	European (Finnish)	562	PC3 (2e-03)	0.000811007615869287	0.00150796728575696	Yes	Yes
N14_IGA_NEPHROPATHY_FinnGen_FinnGenR7_1	IgA nephropathy (IgA glomerulonefritis)	FinnGen	FinnGenR7	308681	473	309154	European (Finnish)	562	PC8 (9e-04)	0.00992253164629761	0.0168082742478209	No	No
N14_INFCERVIX_FinnGen_FinnGenR7_1	Inflammatory disease of cervix uteri	FinnGen	FinnGenR7	156724	1519	158243	European (Finnish)	562	PC8 (6e-02)	0.643311422719168	0.708999639024219	No	No
N14_INFLAMALEGEN_FinnGen_FinnGenR7_1	Inflammatory disorders of male genital organs, not elsewhere classified	FinnGen	FinnGenR7	100050	264	100314	European (Finnish)	562	PC8 (2e-02)	0.401475820324872	0.47656481415122	No	No
N14_INFLAMMBREAST_FinnGen_FinnGenR7_1	Inflammatory disorders of breast	FinnGen	FinnGenR7	160810	1194	162004	European (Finnish)	562	PC2 (2e-01)	0.787785144147488	0.825959754656838	No	No
N14_INFLUTH_FinnGen_FinnGenR7_1	Inflammatory disease of uterus	FinnGen	FinnGenR7	156724	3281	160005	European (Finnish)	562	PC6 (1e-02)	0.203204092638195	0.262127772617292	No	No
NASP_Sakaue_doi1011012020102320213652_1	Nasal polyp	Sakaue	doi1011012020102320213652	151846	160	152006	East Asian (Japanese)	534	PC9 (4e-01)	0.82873202938905	0.859425808255311	No	No
NMOIGGn_Estrada_29769526_1	IgG- Neuromyelitis Optica	Estrada	29769526	1244	83	1327	European	560	PC13 (3e-02)	0.52381061981686	0.603713934704178	No	No
NMOIGGp_Estrada_29769526_1	IgG+ Neuromyelitis Optica	Estrada	29769526	1244	132	1376	European	564	PC1 (5e-03)	0.00199659380706983	0.0035863345364726	Yes	Yes
NMO_Estrada_29769526_1	Neuromyelitis Optica	Estrada	29769526	1244	215	1459	European	564	PC1 (1e-02)	0.0133230685610683	0.0221740581645752	No	No
NONALLERG_ASTHMA_EXMORE_FinnGen_FinnGenR7_1	Non-allergic asthma (mode) (more controls excluded)	FinnGen	FinnGenR7	175182	8833	184015	European (Finnish)	562	PC13 (2e-18)	5.23537591078582e-20	1.76740349896032e-19	Yes	No
NONALLERG_ASTHMA_FinnGen_FinnGenR7_1	Non-allergic asthma	FinnGen	FinnGenR7	180942	8833	189775	European (Finnish)	562	PC13 (1e-18)	6.4206066265983e-20	2.15225968609915e-19	Yes	No
PID_Thaventhiram_32678341_1	Primary Immune Deficiency	Thaventhiram	32678341	9225	733	9958	European	528	PC1 (2e-02)	0.0222367211097453	0.0357590515143202	No	No
PM_Miller_26291516_1	Polymyositis (Miller)	Miller	26291516	4724	533	5257	European	564	PC13 (6e-05)	2.96797551351487e-07	6.92527619820136e-07	Yes	Yes
PM_Rothwell_up_1	Polymyositis (Rothwell)	Rothwell	36580032	3612	903	4515	European	479	PC3 (9e-06)	2.04578078462164e-11	5.56452373417086e-11	Yes	Yes
PM_Sakaue_doi1011012020102320213652_1	Polymyositis	Sakaue	doi1011012020102320213652	175599	58	175657	East Asian (Japanese)	534	PC11 (4e-01)	0.400717699433687	0.47656481415122	No	No
POLLENALLERG_FinnGen_FinnGenR7_1	Pollen allergy	FinnGen	FinnGenR7	301734	4555	306289	European (Finnish)	562	PC13 (4e-16)	9.71302575417512e-16	2.94484092929131e-15	Yes	No
POLLIN_Sakaue_doi1011012020102320213652_1	Pollinosis	Sakaue	doi1011012020102320213652	153666	18593	172259	East Asian (Japanese)	534	PC13 (2e-01)	0.0249264026196129	0.0399493860166187	No	No
PSORI_STRICT_FinnGen_FinnGenR7_1	Psoriasis (vulgaris), strict definition	FinnGen	FinnGenR7	299128	535	299663	European (Finnish)	562	PC11 (2e-02)	0.00830887013962327	0.0142266985124485	No	No
PSOR_ARTHR_OTH_FinnGen_FinnGenR7_1	Other psoriatic arthropathies	FinnGen	FinnGenR7	306336	2253	308589	European (Finnish)	562	PC5 (9e-04)	2.53931589519621e-06	5.54456131244677e-06	Yes	No
PSOR_ENTE_ARTHR_FinnGen_FinnGenR7_1	Psoriatic and enteropathic arthropathies	FinnGen	FinnGenR7	238484	2818	241302	European (Finnish)	562	PC13 (2e-06)	7.81966455217407e-13	2.21557162311599e-12	Yes	No
PSO_Sakaue_doi1011012020102320213652_1	Psoriasis vulgaris	Sakaue	doi1011012020102320213652	172289	206	172495	East Asian (Japanese)	534	PC5 (3e-01)	0.189875248730051	0.246941580315585	No	No
R18_ABNORMALITY_WHITE_BLOOD_CELLS_NOT_ELSEW_CLASSIFIED_FinnGen_FinnGenR7_1	Abnormality of white blood cells, not elsewhere classified	FinnGen	FinnGenR7	297969	122	298091	European (Finnish)	562	PC4 (3e-01)	0.976363467557623	0.982525231122033	No	No
RA_Ishigaki_36333501_1	Rheumatoid Arthritis	Ishigaki	36333501	162608	11025	173633	East Asian	525	PC9 (1e-04)	1.223750028277e-23	4.34705233925263e-23	Yes	No
RA_Ishigaki_36333501_2	Rheumatoid Arthritis	Ishigaki	36333501	74823	22350	97173	European	566	PC9 (2e-188)	0	0	Yes	No
RA_Ishigaki_36333501_3	Rheumatoid Arthritis	Ishigaki	36333501	240149	35871	276020	Trans-ethnic (EUR, EAS, AFR, SAS, ARB)	566	PC9 (4e-233)	0	0	Yes	No
RA_Ishigaki_doi101101795948_1	Rheumatoid Arthritis	Ishigaki	doi101101795948	208254	4199	212453	East Asian (Japanese)	529	PC9 (7e-02)	2.52141413690394e-09	6.48753042792581e-09	Yes	No
RA_Kubo_BBJ_1	Rheumatoid Arthritis	Kubo	BBJ	208254	4199	212453	East Asian (Japanese)	529	PC9 (7e-02)	2.52141413690394e-09	6.48753042792581e-09	Yes	No
RA_Okada_24390342_2	Rheumatoid Arthritis	Okada	24390342	17642	4873	22515	Asian	457	PC1 (3e-06)	1.45157468970105e-25	5.4405476558874e-25	Yes	No
RA_Okada_24390342_3	Rheumatoid Arthritis	Okada	24390342	61565	19234	80799	Trans-ethnic (European + Asian)	497	PC9 (5e-188)	0	0	Yes	No
RA_Sakaue_doi1011012020102320213652_1	Rheumatoid Arthritis	Sakaue	doi1011012020102320213652	173268	5348	178616	East Asian (Japanese)	534	PC9 (2e-01)	8.49578833928322e-07	1.92571202357086e-06	Yes	No
RFEV_Sakaue_doi1011012020102320213652_1	Rheumatic Fever	Sakaue	doi1011012020102320213652	170247	152	170399	East Asian (Japanese)	534	PC9 (5e-01)	0.258800257251905	0.32589662024314	No	No
RFEV_Tian_28928442_1	Rheumatic Fever	Tian	28928442	88076	1115	89191	European	565	PC1 (1e-01)	0.506306029902175	0.586378759692057	No	No
RHEUMA_NOS_FinnGen_FinnGenR7_1	Other/unspecified rheumatoid arthritis	FinnGen	FinnGenR7	306012	3076	309088	European (Finnish)	562	PC13 (2e-16)	1.5645578037012e-55	9.42695588052875e-55	Yes	No
RHEUMA_OTHER_WIDE_FinnGen_FinnGenR7_1	Other (seronegative) rheumatoid arthritis, wide	FinnGen	FinnGenR7	304359	4795	309154	European (Finnish)	562	PC1 (4e-13)	2.26696288031644e-54	1.33219053213657e-53	Yes	No
RHEUMA_SERONEG_FinnGen_FinnGenR7_1	Seronegative rheumatoid arthritis	FinnGen	FinnGenR7	238484	3073	241557	European (Finnish)	562	PC12 (5e-09)	3.44066015283386e-31	1.36479519395743e-30	Yes	No
RHEUMA_SEROPOS_FinnGen_FinnGenR7_1	Seropositive rheumatoid arthritis	FinnGen	FinnGenR7	238484	7294	245778	European (Finnish)	562	PC9 (2e-36)	1.4435491944061e-161	2.29043138845768e-160	Yes	No
RHEUMA_SEROPOS_OTH_FinnGen_FinnGenR7_1	Other/unspecified seropositiverheumatoid arthritis	FinnGen	FinnGenR7	301860	7211	309071	European (Finnish)	562	PC1 (1e-35)	1.50546832203021e-157	2.17152400389812e-156	Yes	No
RHEUMA_SEROPOS_STRICT_FinnGen_FinnGenR7_1	Seropositive rheumatoid arthritis, strict definition	FinnGen	FinnGenR7	302116	3277	305393	European (Finnish)	562	PC9 (7e-28)	1.00672741662694e-90	7.48753516116287e-90	Yes	No
RHEUMA_SEROPOS_WIDE_FinnGen_FinnGenR7_1	Seropositive rheumatoid arthritis, wide	FinnGen	FinnGenR7	301860	7290	309150	European (Finnish)	562	PC1 (2e-36)	7.4325522273036e-158	1.141256406515e-156	Yes	No
RHEU_ARTHRITIS_OTH_FinnGen_FinnGenR7_1	Other arthritis	FinnGen	FinnGenR7	238484	8217	246701	European (Finnish)	562	PC3 (5e-08)	1.95158754736919e-21	6.68313433487579e-21	Yes	No
RX_CROHN_1STLINE_FinnGen_FinnGenR7_1	First line medication for Crohns disease	FinnGen	FinnGenR7	249599	59555	309154	European (Finnish)	562	PC13 (2e-79)	6.7486907648654e-130	7.13861512016873e-129	Yes	No
RX_CROHN_2NDLINE_FinnGen_FinnGenR7_1	Second line medication for Crohns disease	FinnGen	FinnGenR7	293353	15801	309154	European (Finnish)	562	PC3 (6e-49)	3.84442647539109e-136	4.15897045974127e-135	Yes	No
RX_RHEUMA_BIOLOGICAL_FinnGen_FinnGenR7_1	Biological medication for rheuma	FinnGen	FinnGenR7	306015	3139	309154	European (Finnish)	562	PC3 (2e-17)	2.43933419693529e-37	1.10583150261066e-36	Yes	No
SARC_Sakaue_doi1011012020102320213652_1	Sarcoidosis	Sakaue	doi1011012020102320213652	177667	220	177887	East Asian (Japanese)	534	PC6 (4e-01)	0.90354261279738	0.915077199343729	No	No
SJOS_Lessard_up_1	SjÃ¶gren's syndrome	Khatri	35896530	17481	3232	20713	European	553	PC2 (5e-29)	2.06060915126866e-53	1.19615848293156e-52	Yes	Yes
SJOS_Sakaue_doi1011012020102320213652_1	SjÃ¶gren's syndrome	Sakaue	doi1011012020102320213652	175599	303	175902	East Asian (Japanese)	534	PC7 (4e-01)	0.567016767202516	0.643389760210311	No	No
SLE_FG_FinnGen_FinnGenR7_1	SLE	FinnGen	FinnGenR7	232612	835	233447	European (Finnish)	562	PC2 (4e-12)	1.76591756486261e-34	7.5727636114829e-34	Yes	No
SLE_Julia_29848360_1	Systemic Lupus Erythematosus	Julia	29848360	8483	4943	13426	European (North + Spain)	566	PC2 (1e-213)	0	0	Yes	No
SLE_Julia_29848360_2	Systemic Lupus Erythematosus	Julia	29848360	1524	907	2431	European (Spanish)	566	PC2 (7e-04)	5.71410400898047e-22	1.99993640314316e-21	Yes	No
SLE_NOS_FinnGen_FinnGenR7_1	Systemic lupus erythematosus, unspecified	FinnGen	FinnGenR7	308319	680	308999	European (Finnish)	562	PC2 (1e-11)	2.8995277615354e-24	1.05356886602355e-23	Yes	No
SLE_OTH_FinnGen_FinnGenR7_1	Other forms of Systemic Lupus Erythematosus	FinnGen	FinnGenR7	308319	196	308515	European (Finnish)	562	PC2 (3e-11)	6.26649078939009e-14	1.84126519490721e-13	Yes	No
SLE_STRICT_FinnGen_FinnGenR7_1	Systemic Lupus Erythematosus, strict definition	FinnGen	FinnGenR7	308368	786	309154	European (Finnish)	562	PC2 (6e-14)	8.02755354261266e-29	3.13206187400297e-28	Yes	No
SLE_Sakaue_doi1011012020102320213652_1	Systemic Lupus Erythematosus	Sakaue	doi1011012020102320213652	175937	317	176254	East Asian (Japanese)	534	PC2 (4e-03)	0.0327388053584902	0.0509270305576514	No	No
SPONDYLOARTHRITIS_FinnGen_FinnGenR7_1	Spondyloarthritis	FinnGen	FinnGenR7	281678	4855	286533	European (Finnish)	562	PC3 (6e-06)	4.83451150204462e-10	1.26441070053475e-09	Yes	No
SSC_LopezIsac_31672989_1	Systemic Sclerosis	LopezIsac	31672989	18333	9846	28179	European	561	PC2 (2e-30)	7.49308177776997e-61	4.75560923495801e-60	Yes	Yes
ST19_FAILU_REJEC_TRANSPLANTED_ORGANS_TISSU_FinnGen_FinnGenR7_1	Failure and rejection of transplanted organs and tissues	FinnGen	FinnGenR7	278724	209	278933	European (Finnish)	562	PC13 (1e-03)	0.0587399158845772	0.085505198657672	No	No
STILL_ADULT_FinnGen_FinnGenR7_1	Adult-onset Still disease	FinnGen	FinnGenR7	281678	81	281759	European (Finnish)	562	PC8 (5e-02)	0.565417412177084	0.643389760210311	No	No
SYSTSCLE_STRICT_FinnGen_FinnGenR7_1	Systemic sclerosis,strict definition	FinnGen	FinnGenR7	308683	164	308847	European (Finnish)	562	PC2 (1e-03)	0.0032025558772938	0.00564598739848833	Yes	No
T1D_EARLY_FinnGen_FinnGenR7_1	Type1 diabetes, definitions combined, early onset	FinnGen	FinnGenR7	306619	2535	309154	European (Finnish)	562	PC1 (2e-25)	1.01537720516442e-92	7.79547660739135e-92	Yes	No
T1D_FinnGen_FinnGenR7_1	Type 1 Diabetes	FinnGen	FinnGenR7	255449	3711	259160	European (Finnish)	562	PC1 (5e-38)	2.15977429787464e-126	2.14177617872568e-125	Yes	No
T1D_Inshaw_up_1	Type 1 Diabetes	Inshaw	up	8828	5913	14741	European	566	PC3 (1e-74)	2.92283589965522e-285	9.27513258823923e-284	Yes	No
T1D_STRICT1_FinnGen_FinnGenR7_1	Type 1 diabetes, strict definition, subgroup 1	FinnGen	FinnGenR7	252598	2938	255536	European (Finnish)	562	PC1 (2e-34)	1.34598645833604e-112	1.16489009848719e-111	Yes	No
T1D_STRICT_FinnGen_FinnGenR7_1	Type 1 diabetes, strict defin1tion	FinnGen	FinnGenR7	255449	3100	258549	European (Finnish)	562	PC1 (2e-33)	3.02176084863817e-118	2.87671632790354e-117	Yes	No
T1D_Sakaue_doi1011012020102320213652_1	Type 1 Diabetes	Sakaue	doi1011012020102320213652	132032	1219	133251	East Asian (Japanese)	534	PC5 (1e-02)	0.5122141356832	0.591781380061173	No	No
T1D_WIDE1_FinnGen_FinnGenR7_1	Type 1 diabetes, wide definition, subgroup 1	FinnGen	FinnGenR7	252660	7013	259673	European (Finnish)	562	PC1 (1e-56)	1.66484232018704e-190	3.30193726837096e-189	Yes	No
T1D_WIDE2_FinnGen_FinnGenR7_1	Type 1 diabetes, wide definition, subgroup 2	FinnGen	FinnGenR7	252660	250	252910	European (Finnish)	562	PC3 (1e-04)	0.0130069923940435	0.0217239592265428	No	No
T1D_WIDE_FinnGen_FinnGenR7_1	Type 1 diabetes, wide definition	FinnGen	FinnGenR7	255551	7337	262888	European (Finnish)	562	PC1 (2e-55)	3.04759515540172e-191	6.30719693030965e-190	Yes	No
THYROIDITIS_FinnGen_FinnGenR7_1	Thyroiditis	FinnGen	FinnGenR7	301639	1385	303024	European (Finnish)	562	PC3 (8e-06)	4.03001550875296e-07	9.357499425202e-07	Yes	No
UC_Anderson_21297633_1	Ulcerative Colitis	Anderson	21297633	19718	6687	26405	European	565	PC11 (2e-28)	3.33071326195403e-42	1.60143385120214e-41	Yes	No
UC_Brant_27693347_1	Ulcerative Colitis	Brant	27693347	5002	583	5585	African (African Americans)	563	PC3 (1e-05)	1.87728864599951e-08	4.65411143487379e-08	Yes	No
UC_Liu_26192919_1	Ulcerative Colitis	Liu	26192919	20464	6968	27432	European	565	PC1 (2e-110)	0	0	Yes	No
UC_Sakaue_doi1011012020102320213652_1	Ulcerative Colitis	Sakaue	doi1011012020102320213652	178375	314	178689	East Asian (Japanese)	534	PC13 (6e-02)	0.164981531792061	0.218142247591725	No	No
ULCERENTER_FinnGen_FinnGenR7_1	Ulcerative enterocolitis	FinnGen	FinnGenR7	296008	725	296733	European (Finnish)	562	PC3 (5e-10)	3.42383857090408e-19	1.13176886093774e-18	Yes	No
ULCERILEO_FinnGen_FinnGenR7_1	Ulcerative ileocolitis	FinnGen	FinnGenR7	296008	973	296981	European (Finnish)	562	PC3 (1e-25)	2.20724348885805e-44	1.10594515862782e-43	Yes	No
ULCERNAS_FinnGen_FinnGenR7_1	Ulcerative colitis, NAS	FinnGen	FinnGenR7	296008	3438	299446	European (Finnish)	562	PC1 (3e-38)	5.33810954726858e-95	4.23490024083307e-94	Yes	No
ULCEROTH_FinnGen_FinnGenR7_1	Other ulcerative colitis	FinnGen	FinnGenR7	296008	1260	297268	European (Finnish)	562	PC3 (9e-17)	2.90194549663418e-34	1.22241243929015e-33	Yes	No
ULCERPROCT_FinnGen_FinnGenR7_1	Ulcerative proctitis	FinnGen	FinnGenR7	296008	1321	297329	European (Finnish)	562	PC10 (1e-16)	6.85836569352734e-34	2.86366848256054e-33	Yes	No
ULCERRECT_FinnGen_FinnGenR7_1	Ulcerative rectosigmoiditis	FinnGen	FinnGenR7	296008	1855	297863	European (Finnish)	562	PC10 (3e-26)	1.43086270643847e-66	9.59282603189735e-66	Yes	No
ULCER_ARTHR_FinnGen_FinnGenR7_1	Arthropathy in ulcerative colitis	FinnGen	FinnGenR7	306336	241	306577	European (Finnish)	562	PC13 (3e-08)	2.379143010216e-14	7.0779504553926e-14	Yes	No
UVJIA_Haasnoot_29513936_1	Uveitis in JIA	Haasnoot	29513936	99	66	165	European	565	PC13 (7e-02)	0.643461857265678	0.708999639024219	No	No
UVJIA_Haasnoot_29513936_2	Uveitis in JIA	Haasnoot	29513936	231	126	357	European	566	PC11 (4e-02)	0.84709369104861	0.872763196837962	No	No
UV_Sakaue_doi1011012020102320213652_1	Uveitis	Sakaue	doi1011012020102320213652	174600	125	174725	East Asian (Japanese)	534	PC6 (5e-01)	0.994737025858491	0.994737025858491	No	No
Z21_PERSONAL_HISTORY_ALLERGY_DRUGS_MEDICAM_BIOLO_SUBST_FinnGen_FinnGenR7_1	Personal history of allergy to drugs, medicaments and biological substances	FinnGen	FinnGenR7	270158	140	270298	European (Finnish)	562	PC4 (1e-01)	0.789701115397013	0.826148859184568	No	No
ph081_PanUKBB_PanUKBBR2_1	Infection/inflammation of internal prosthetic device; implant; and graft	PanUKBB	PanUKBBR2	414252	1221	415473	European (EUR)	566	PC13 (8e-02)	0.799566840505927	0.834635561580748	No	No
ph242.1_PanUKBB_PanUKBBR2_1	Graves' disease	PanUKBB	PanUKBBR2	399034	554	399588	European (EUR)	566	PC12 (2e-02)	0.00143517628653976	0.0026074195129501	Yes	No
ph244_PanUKBB_PanUKBBR2_1	Hypothyroidism	PanUKBB	PanUKBBR2	416311	19131	435442	Trans-ethnic (AFR,CSA,EAS,EUR)	566	PC1 (3e-89)	1.78171394221225e-257	4.9887990381943e-256	Yes	No
ph245.21_PanUKBB_PanUKBBR2_1	Chronic lymphocytic thyroiditis	PanUKBB	PanUKBBR2	399034	249	399283	European (EUR)	566	PC8 (8e-05)	1.5998759173254e-05	3.2967140114584e-05	Yes	No
ph245.2_PanUKBB_PanUKBBR2_1	Chronic thyroiditis	PanUKBB	PanUKBBR2	399034	265	399299	European (EUR)	566	PC8 (2e-04)	9.93500701927596e-05	0.000193814071359646	Yes	No
ph245_PanUKBB_PanUKBBR2_1	Thyroiditis	PanUKBB	PanUKBBR2	399034	351	399385	European (EUR)	566	PC8 (4e-04)	5.94538180516984e-05	0.000117427458060616	Yes	No
ph250.11_PanUKBB_PanUKBBR2_1	Type 1 diabetes with ketoacidosis	PanUKBB	PanUKBBR2	396181	302	396483	European (EUR)	566	PC2 (4e-06)	4.2759283441864e-13	1.22610957339321e-12	Yes	No
ph250.13_PanUKBB_PanUKBBR2_1	Type 1 diabetes with ophthalmic manifestations	PanUKBB	PanUKBBR2	396181	573	396754	European (EUR)	566	PC1 (2e-06)	5.40712079332718e-11	1.44441911556338e-10	Yes	No
ph250.1_PanUKBB_PanUKBBR2_1	Type 1 diabetes	PanUKBB	PanUKBBR2	409155	3545	412700	Trans-ethnic (AFR,CSA,EUR)	566	PC1 (5e-12)	3.40066301573962e-32	1.38351760298467e-31	Yes	No
ph274.11_PanUKBB_PanUKBBR2_1	Gouty arthropathy	PanUKBB	PanUKBBR2	415559	164	415723	European (EUR)	566	PC6 (1e-01)	0.697206475587674	0.757694708629527	No	No
ph274.1_PanUKBB_PanUKBBR2_1	Gout	PanUKBB	PanUKBBR2	430896	4678	435574	Trans-ethnic (AFR,CSA,EUR)	566	PC5 (2e-03)	0.0447495601340566	0.0682717648199069	No	No
ph274.2_PanUKBB_PanUKBBR2_1	Crystal arthropathies	PanUKBB	PanUKBBR2	415559	533	416092	European (EUR)	566	PC11 (2e-02)	0.118892696114308	0.162157373496879	No	No
ph274_PanUKBB_PanUKBBR2_1	Gout and other crystal arthropathies	PanUKBB	PanUKBBR2	430896	5147	436043	Trans-ethnic (AFR,CSA,EUR)	566	PC5 (3e-03)	0.0988374885072862	0.136763501539152	No	No
ph279.11_PanUKBB_PanUKBBR2_1	Deficiency of humoral immunity	PanUKBB	PanUKBBR2	419926	187	420113	European (EUR)	566	PC1 (8e-02)	0.303518778230954	0.369546227213854	No	No
ph279.1_PanUKBB_PanUKBBR2_1	Immunity deficiency	PanUKBB	PanUKBBR2	419926	270	420196	European (EUR)	566	PC12 (3e-02)	0.097626983385227	0.135878491495228	No	No
ph279.7_PanUKBB_PanUKBBR2_1	Other immunological findings	PanUKBB	PanUKBBR2	419926	281	420207	European (EUR)	566	PC9 (2e-01)	0.887026193232143	0.903943416558804	No	No
ph279_PanUKBB_PanUKBBR2_1	Disorders involving the immune mechanism	PanUKBB	PanUKBBR2	419926	328	420254	European (EUR)	566	PC1 (8e-03)	0.0573719782645635	0.0837701277727982	No	No
ph288.2_PanUKBB_PanUKBBR2_1	Elevated white blood cell count	PanUKBB	PanUKBBR2	410877	436	411313	European (EUR)	566	PC3 (4e-02)	0.0930805260648296	0.129930587703399	No	No
ph288_PanUKBB_PanUKBBR2_1	Diseases of white blood cells	PanUKBB	PanUKBBR2	425978	5024	431002	Trans-ethnic (AFR,CSA,EUR)	566	PC12 (3e-03)	0.0303911965803885	0.0475862156982399	No	No
ph335_PanUKBB_PanUKBBR2_1	Multiple sclerosis	PanUKBB	PanUKBBR2	403249	1538	404787	European (EUR)	566	PC12 (1e-09)	5.28481305082976e-26	2.01245680975597e-25	Yes	No
ph358.1_PanUKBB_PanUKBBR2_1	Myasthenia gravis	PanUKBB	PanUKBBR2	417332	224	417556	European (EUR)	566	PC1 (9e-03)	0.0527183688613235	0.0774504431419444	No	No
ph371.3_PanUKBB_PanUKBBR2_1	Inflammation of eyelids	PanUKBB	PanUKBBR2	417645	2854	420499	Trans-ethnic (CSA,EUR)	566	PC3 (2e-04)	0.000380926097145954	0.000716683091863534	Yes	Yes
ph420.1_PanUKBB_PanUKBBR2_1	Myocarditis	PanUKBB	PanUKBBR2	416313	144	416457	European (EUR)	566	PC9 (1e-01)	0.890650131021174	0.903943416558804	No	No
ph420.21_PanUKBB_PanUKBBR2_1	Acute pericarditis	PanUKBB	PanUKBBR2	416313	255	416568	European (EUR)	566	PC3 (1e-01)	0.567696847244392	0.643389760210311	No	No
ph420.2_PanUKBB_PanUKBBR2_1	Pericarditis	PanUKBB	PanUKBBR2	422845	1737	424582	Trans-ethnic (AFR,EUR)	566	PC7 (4e-02)	0.431270542817729	0.506875996003059	No	No
ph420.3_PanUKBB_PanUKBBR2_1	Endocarditis	PanUKBB	PanUKBBR2	416313	909	417222	European (EUR)	566	PC8 (3e-02)	0.558168688321225	0.637142195781542	No	No
ph420_PanUKBB_PanUKBBR2_1	Carditis	PanUKBB	PanUKBBR2	431633	2802	434435	Trans-ethnic (AFR,CSA,EUR)	566	PC8 (6e-03)	0.087209497111765	0.122815741494675	No	No
ph446.4_PanUKBB_PanUKBBR2_1	Wegener's granulomatosis	PanUKBB	PanUKBBR2	408565	217	408782	European (EUR)	566	PC4 (1e-01)	0.260215687941339	0.326814426016035	No	No
ph446.5_PanUKBB_PanUKBBR2_1	Giant cell arteritis	PanUKBB	PanUKBBR2	408565	532	409097	European (EUR)	566	PC3 (3e-02)	0.0571009920049274	0.0836309913672167	No	No
ph446.9_PanUKBB_PanUKBBR2_1	Arteritis NOS	PanUKBB	PanUKBBR2	408565	328	408893	European (EUR)	566	PC12 (1e-01)	0.502270391473144	0.583123674002967	No	No
ph451.2_PanUKBB_PanUKBBR2_1	Phlebitis and thrombophlebitis of lower extremities	PanUKBB	PanUKBBR2	382223	4495	386718	Trans-ethnic (AFR,EUR)	566	PC4 (3e-02)	0.243632411250128	0.308428265306013	No	No
ph451_PanUKBB_PanUKBBR2_1	Phlebitis and thrombophlebitis	PanUKBB	PanUKBBR2	390206	4938	395144	Trans-ethnic (AFR,CSA,EUR)	566	PC4 (7e-02)	0.295562768096281	0.364476366875207	No	No
ph471_PanUKBB_PanUKBBR2_1	Nasal polyps	PanUKBB	PanUKBBR2	407149	3726	410875	Trans-ethnic (CSA,EUR)	566	PC13 (3e-52)	7.80950485492367e-57	4.76580039864573e-56	Yes	No
ph476_PanUKBB_PanUKBBR2_1	Allergic rhinitis	PanUKBB	PanUKBBR2	398757	1531	400288	European (EUR)	566	PC13 (1e-06)	4.90251974261521e-07	1.12734270409896e-06	Yes	No
ph495.2_PanUKBB_PanUKBBR2_1	Asthma with exacerbation	PanUKBB	PanUKBBR2	379656	290	379946	European (EUR)	566	PC13 (1e-09)	5.36810001557389e-06	1.14072125330945e-05	Yes	No
ph495_PanUKBB_PanUKBBR2_1	Asthma	PanUKBB	PanUKBBR2	398413	33000	431413	Trans-ethnic (CSA,EUR,MID)	566	PC13 (8e-142)	7.5346897575045e-177	1.2367283877835e-175	Yes	Yes
ph500.1_PanUKBB_PanUKBBR2_1	Extrinsic allergic alveolitis	PanUKBB	PanUKBBR2	404684	110	404794	European (EUR)	566	PC10 (1e-01)	0.777281442532204	0.816746063234722	No	No
ph527.2_PanUKBB_PanUKBBR2_1	Sialoadenitis	PanUKBB	PanUKBBR2	413830	433	414263	European (EUR)	566	PC7 (3e-02)	0.612544590333284	0.686049941173278	No	No
ph555.21_PanUKBB_PanUKBBR2_1	Ulcerative colitis (chronic)	PanUKBB	PanUKBBR2	330270	664	330934	European (EUR)	566	PC10 (1e-10)	1.48309242957161e-21	5.15293428084735e-21	Yes	No
ph555.2_PanUKBB_PanUKBBR2_1	Ulcerative colitis	PanUKBB	PanUKBBR2	330270	3670	333940	European (EUR)	566	PC1 (6e-47)	2.8939749005615e-140	3.27983822063637e-139	Yes	No
ph555_PanUKBB_PanUKBBR2_1	Inflammatory bowel disease and other gastroenteritis and colitis	PanUKBB	PanUKBBR2	337505	5330	342835	Trans-ethnic (CSA,EUR)	566	PC3 (6e-72)	3.10494214065004e-186	5.47389799610896e-185	Yes	No
ph557.1_PanUKBB_PanUKBBR2_1	Celiac disease	PanUKBB	PanUKBBR2	330260	2202	332462	European (EUR)	566	PC7 (1e-17)	6.31183849082089e-49	3.37576979958511e-48	Yes	No
ph564.1_PanUKBB_PanUKBBR2_1	Irritable Bowel Syndrome	PanUKBB	PanUKBBR2	343042	7178	350220	Trans-ethnic (AFR,CSA,EUR)	566	PC3 (1e-02)	0.149457629666956	0.198720200339305	No	No
ph571.6_PanUKBB_PanUKBBR2_1	Primary biliary cirrhosis	PanUKBB	PanUKBBR2	408402	314	408716	European (EUR)	566	PC5 (3e-06)	1.18521051933938e-12	3.31858945415026e-12	Yes	No
ph575.1_PanUKBB_PanUKBBR2_1	Cholangitis	PanUKBB	PanUKBBR2	399542	711	400253	European (EUR)	566	PC4 (9e-03)	0.265191619815335	0.332187397452893	No	No
ph580.12_PanUKBB_PanUKBBR2_1	Non-proliferative glomerulonephritis	PanUKBB	PanUKBBR2	401927	157	402084	European (EUR)	566	PC13 (4e-02)	0.225737651166256	0.288847102029941	No	No
ph580.14_PanUKBB_PanUKBBR2_1	Chronic glomerulonephritis, NOS	PanUKBB	PanUKBBR2	401927	901	402828	European (EUR)	566	PC8 (2e-01)	0.745274724798698	0.798988218477884	No	No
ph580.1_PanUKBB_PanUKBBR2_1	Glomerulonephritis	PanUKBB	PanUKBBR2	401927	1083	403010	European (EUR)	566	PC11 (8e-02)	0.759307838531151	0.804967775369327	No	No
ph694_PanUKBB_PanUKBBR2_1	Dyschromia and Vitiligo	PanUKBB	PanUKBBR2	412638	1214	413852	European (EUR)	566	PC11 (2e-01)	0.946061652585621	0.954079124217703	No	No
ph695.22_PanUKBB_PanUKBBR2_1	Pemphigus and pemphigoid	PanUKBB	PanUKBBR2	412638	107	412745	European (EUR)	566	PC1 (1e-01)	0.703304207316871	0.762580416134011	No	No
ph695.2_PanUKBB_PanUKBBR2_1	Bullous dermatoses	PanUKBB	PanUKBBR2	412638	166	412804	European (EUR)	566	PC11 (1e-02)	0.573590066799209	0.648236284839452	No	No
ph695.3_PanUKBB_PanUKBBR2_1	Rosacea	PanUKBB	PanUKBBR2	412638	401	413039	European (EUR)	566	PC12 (1e-01)	0.473097420472403	0.550597486906758	No	No
ph695.41_PanUKBB_PanUKBBR2_1	Cutaneous lupus erythematosus	PanUKBB	PanUKBBR2	411160	170	411330	European (EUR)	566	PC2 (2e-05)	3.88923180616463e-06	8.37680696712382e-06	Yes	No
ph695.42_PanUKBB_PanUKBBR2_1	Systemic lupus erythematosus	PanUKBB	PanUKBBR2	411160	412	411572	European (EUR)	566	PC2 (1e-10)	3.89155149487378e-13	1.12265364336965e-12	Yes	No
ph695.4_PanUKBB_PanUKBBR2_1	Lupus (localized and systemic)	PanUKBB	PanUKBBR2	411160	506	411666	European (EUR)	566	PC2 (8e-13)	7.17486636879007e-16	2.20337831712521e-15	Yes	No
ph696.41_PanUKBB_PanUKBBR2_1	Psoriasis vulgaris	PanUKBB	PanUKBBR2	406978	301	407279	European (EUR)	566	PC13 (2e-02)	0.140917002413536	0.188417115586638	No	No
ph696.42_PanUKBB_PanUKBBR2_1	Psoriatic arthropathy	PanUKBB	PanUKBBR2	406978	887	407865	European (EUR)	566	PC5 (2e-03)	0.00231191705004576	0.00412161990944488	Yes	No
ph696.4_PanUKBB_PanUKBBR2_1	Psoriasis	PanUKBB	PanUKBBR2	415468	2981	418449	Trans-ethnic (CSA,EUR)	566	PC5 (2e-06)	5.08988831435217e-05	0.000101797766287043	Yes	No
ph696_PanUKBB_PanUKBBR2_1	Psoriasis and related disorders	PanUKBB	PanUKBBR2	415468	3056	418524	Trans-ethnic (CSA,EUR)	566	PC5 (2e-06)	2.89628576225773e-05	5.86651924610502e-05	Yes	No
ph709.2_PanUKBB_PanUKBBR2_1	Sicca syndrome	PanUKBB	PanUKBBR2	411677	661	412338	European (EUR)	566	PC2 (1e-04)	4.94901233600383e-06	1.0563811084923e-05	Yes	No
ph709.3_PanUKBB_PanUKBBR2_1	Systemic sclerosis	PanUKBB	PanUKBBR2	411677	221	411898	European (EUR)	566	PC2 (2e-06)	2.16543249236371e-07	5.10270230873825e-07	Yes	No
ph714.1_PanUKBB_PanUKBBR2_1	Rheumatoid arthritis	PanUKBB	PanUKBBR2	384993	5805	390798	Trans-ethnic (CSA,EUR)	566	PC9 (7e-16)	6.94067696797137e-55	4.12970279594297e-54	Yes	No
ph714_PanUKBB_PanUKBBR2_1	Rheumatoid arthritis and other inflammatory polyarthropathies	PanUKBB	PanUKBBR2	384993	6504	391497	Trans-ethnic (AFR,CSA,EUR)	566	PC9 (5e-12)	3.55299833191991e-45	1.79917787871689e-44	Yes	No
ph715.1_PanUKBB_PanUKBBR2_1	Sacroiliitis NEC	PanUKBB	PanUKBBR2	371238	147	371385	European (EUR)	566	PC3 (2e-02)	0.771017854153295	0.815565552393263	No	No
ph715.2_PanUKBB_PanUKBBR2_1	Ankylosing spondylitis	PanUKBB	PanUKBBR2	371238	495	371733	European (EUR)	566	PC3 (1e-03)	0.0030883089803165	0.00548520550235319	Yes	No
ph715_PanUKBB_PanUKBBR2_1	Other inflammatory spondylopathies	PanUKBB	PanUKBBR2	371238	2466	373704	European (EUR)	566	PC11 (1e-01)	0.86371701397895	0.885568572500625	No	No
ph770_PanUKBB_PanUKBBR2_1	Myalgia and myositis unspecified (UKBB)	PanUKBB	PanUKBBR2	419572	959	420531	European (EUR)	566	PC3 (8e-02)	0.624062322322149	0.697309073768411	No	No
ph939_PanUKBB_PanUKBBR2_1	Atopic/contact dermatitis due to other or unspecified	PanUKBB	PanUKBBR2	421229	2970	424199	Trans-ethnic (CSA,EUR)	566	PC13 (1e-03)	0.000987979300755905	0.0018227835161233	Yes	No
ph941_PanUKBB_PanUKBBR2_1	Adverse reaction to serum or vaccine	PanUKBB	PanUKBBR2	412489	322	412811	European (EUR)	566	PC6 (6e-02)	0.32210842375873	0.391131657421315	No	No
ph946_PanUKBB_PanUKBBR2_1	Anaphylactic shock NOS	PanUKBB	PanUKBBR2	412489	657	413146	European (EUR)	566	PC4 (9e-02)	0.529048201917558	0.608277642784439	No	No
ph949_PanUKBB_PanUKBBR2_1	Allergies, other	PanUKBB	PanUKBBR2	412489	490	412979	European (EUR)	566	PC5 (1e-01)	0.864066835719315	0.885568572500625	No	No
ph960.2_PanUKBB_PanUKBBR2_1	Allergy/adverse effect of penicillin	PanUKBB	PanUKBBR2	401491	20918	422409	Trans-ethnic (CSA,EUR)	566	PC4 (8e-05)	4.56044880597526e-09	1.16084151424825e-08	Yes	No
ph961.1_PanUKBB_PanUKBBR2_1	Poisoning/allergy of sulfonamides	PanUKBB	PanUKBBR2	383239	1053	384292	European (EUR)	566	PC12 (7e-03)	0.0467577794129893	0.0704326044322244	No	No
